Workbook

Sheet 지역별 유출률
A1: 지역별 관외 유출률 (2011~2024)
A3: 연도별 유출률과 2011~2024 평균. 행정구역 신설·통폐합으로 없는 연도는 빈칸이며 평균은 값이 존재하는 연도만 사용.
A5: 시도 | B5: 시군구 | C5: 지역명 | D5: 2011 | E5: 2012 | F5: 2013 | G5: 2014 | H5: 2015 | I5: 2016 | J5: 2017 | K5: 2018 | L5: 2019 | M5: 2020 | N5: 2021 | O5: 2022 | P5: 2023 | Q5: 2024 | R5: 2011~2024 평균 | S5: 관측연도 수
A6: 서울 | B6: 전체 | C6: 서울 | D6: =원천데이터!G6 -> 0.19331733 | E6: =원천데이터!G269 -> 0.19325337 | F6: =원천데이터!G532 -> 0.19393007 | G6: =원천데이터!G799 -> 0.19680529 | H6: =원천데이터!G1067 -> 0.1964465 | I6: =원천데이터!G1335 -> 0.1984181 | J6: =원천데이터!G1601 -> 0.19922236 | K6: =원천데이터!G1867 -> 0.19950336 | L6: =원천데이터!G2133 -> 0.20066118 | M6: =원천데이터!G2399 -> 0.19028605 | N6: =원천데이터!G2665 -> 0.19502784 | O6: =원천데이터!G2931 -> 0.21425469 | P6: =원천데이터!G3197 -> 0.21190936 | Q6: =원천데이터!G3463 -> 0.21071362 | R6: =IFERROR(AVERAGE(D6:Q6),"") -> 0.19955351 | S6: =COUNT(D6:Q6) -> 14
A7: 서울 | B7: 강남구 | C7: 서울 강남구 | D7: =원천데이터!G7 -> 0.450728 | E7: =원천데이터!G270 -> 0.44954505 | F7: =원천데이터!G533 -> 0.44966825 | G7: =원천데이터!G800 -> 0.45691829 | H7: =원천데이터!G1068 -> 0.45910185 | I7: =원천데이터!G1336 -> 0.45639047 | J7: =원천데이터!G1602 -> 0.45597491 | K7: =원천데이터!G1868 -> 0.45651035 | L7: =원천데이터!G2134 -> 0.4593096 | M7: =원천데이터!G2400 -> 0.45841844 | N7: =원천데이터!G2666 -> 0.46314207 | O7: =원천데이터!G2932 -> 0.45670585 | P7: =원천데이터!G3198 -> 0.46136106 | Q7: =원천데이터!G3464 -> 0.45870089 | R7: =IFERROR(AVERAGE(D7:Q7),"") -> 0.45660536 | S7: =COUNT(D7:Q7) -> 14
A8: 서울 | B8: 강동구 | C8: 서울 강동구 | D8: =원천데이터!G8 -> 0.4005141 | E8: =원천데이터!G271 -> 0.39483815 | F8: =원천데이터!G534 -> 0.39435887 | G8: =원천데이터!G801 -> 0.39459203 | H8: =원천데이터!G1069 -> 0.39750889 | I8: =원천데이터!G1337 -> 0.39905235 | J8: =원천데이터!G1603 -> 0.40270353 | K8: =원천데이터!G1869 -> 0.40288328 | L8: =원천데이터!G2135 -> 0.4127019 | M8: =원천데이터!G2401 -> 0.40968037 | N8: =원천데이터!G2667 -> 0.41256127 | O8: =원천데이터!G2933 -> 0.41492241 | P8: =원천데이터!G3199 -> 0.41900526 | Q8: =원천데이터!G3465 -> 0.42474237 | R8: =IFERROR(AVERAGE(D8:Q8),"") -> 0.40571891 | S8: =COUNT(D8:Q8) -> 14
A9: 서울 | B9: 강북구 | C9: 서울 강북구 | D9: =원천데이터!G9 -> 0.46984493 | E9: =원천데이터!G272 -> 0.46649495 | F9: =원천데이터!G535 -> 0.46816538 | G9: =원천데이터!G802 -> 0.46738307 | H9: =원천데이터!G1070 -> 0.46513118 | I9: =원천데이터!G1338 -> 0.46596116 | J9: =원천데이터!G1604 -> 0.46719021 | K9: =원천데이터!G1870 -> 0.46802556 | L9: =원천데이터!G2136 -> 0.46940949 | M9: =원천데이터!G2402 -> 0.46652199 | N9: =원천데이터!G2668 -> 0.46921758 | O9: =원천데이터!G2934 -> 0.46512783 | P9: =원천데이터!G3200 -> 0.46747497 | Q9: =원천데이터!G3466 -> 0.46629723 | R9: =IFERROR(AVERAGE(D9:Q9),"") -> 0.46730325 | S9: =COUNT(D9:Q9) -> 14
A10: 서울 | B10: 강서구 | C10: 서울 강서구 | D10: =원천데이터!G10 -> 0.45292377 | E10: =원천데이터!G273 -> 0.45041158 | F10: =원천데이터!G536 -> 0.45216706 | G10: =원천데이터!G803 -> 0.458877 | H10: =원천데이터!G1071 -> 0.45626092 | I10: =원천데이터!G1339 -> 0.45846917 | J10: =원천데이터!G1605 -> 0.45837843 | K10: =원천데이터!G1871 -> 0.45646157 | L10: =원천데이터!G2137 -> 0.45078353 | M10: =원천데이터!G2403 -> 0.44032382 | N10: =원천데이터!G2669 -> 0.43898375 | O10: =원천데이터!G2935 -> 0.43657425 | P10: =원천데이터!G3201 -> 0.4346898 | Q10: =원천데이터!G3467 -> 0.43054824 | R10: =IFERROR(AVERAGE(D10:Q10),"") -> 0.44827521 | S10: =COUNT(D10:Q10) -> 14
A11: 서울 | B11: 관악구 | C11: 서울 관악구 | D11: =원천데이터!G11 -> 0.48237001 | E11: =원천데이터!G274 -> 0.47937041 | F11: =원천데이터!G537 -> 0.48084215 | G11: =원천데이터!G804 -> 0.48091548 | H11: =원천데이터!G1072 -> 0.48188941 | I11: =원천데이터!G1340 -> 0.48478305 | J11: =원천데이터!G1606 -> 0.4830129 | K11: =원천데이터!G1872 -> 0.4848736 | L11: =원천데이터!G2138 -> 0.48506994 | M11: =원천데이터!G2404 -> 0.4805701 | N11: =원천데이터!G2670 -> 0.47864694 | O11: =원천데이터!G2936 -> 0.47597105 | P11: =원천데이터!G3202 -> 0.47805162 | Q11: =원천데이터!G3468 -> 0.47719589 | R11: =IFERROR(AVERAGE(D11:Q11),"") -> 0.48096875 | S11: =COUNT(D11:Q11) -> 14
A12: 서울 | B12: 광진구 | C12: 서울 광진구 | D12: =원천데이터!G12 -> 0.44930177 | E12: =원천데이터!G275 -> 0.44735695 | F12: =원천데이터!G538 -> 0.44613656 | G12: =원천데이터!G805 -> 0.44596029 | H12: =원천데이터!G1073 -> 0.44828378 | I12: =원천데이터!G1341 -> 0.44868865 | J12: =원천데이터!G1607 -> 0.44845234 | K12: =원천데이터!G1873 -> 0.44812199 | L12: =원천데이터!G2139 -> 0.4489816 | M12: =원천데이터!G2405 -> 0.4459713 | N12: =원천데이터!G2671 -> 0.45011148 | O12: =원천데이터!G2937 -> 0.4482026 | P12: =원천데이터!G3203 -> 0.45000651 | Q12: =원천데이터!G3469 -> 0.44891339 | R12: =IFERROR(AVERAGE(D12:Q12),"") -> 0.4481778 | S12: =COUNT(D12:Q12) -> 14
A13: 서울 | B13: 구로구 | C13: 서울 구로구 | D13: =원천데이터!G13 -> 0.46666133 | E13: =원천데이터!G276 -> 0.46200009 | F13: =원천데이터!G539 -> 0.46010509 | G13: =원천데이터!G806 -> 0.46071377 | H13: =원천데이터!G1074 -> 0.45876562 | I13: =원천데이터!G1342 -> 0.45852435 | J13: =원천데이터!G1608 -> 0.45983423 | K13: =원천데이터!G1874 -> 0.46156583 | L13: =원천데이터!G2140 -> 0.4689319 | M13: =원천데이터!G2406 -> 0.46701743 | N13: =원천데이터!G2672 -> 0.46920374 | O13: =원천데이터!G2938 -> 0.4636086 | P13: =원천데이터!G3204 -> 0.46657302 | Q13: =원천데이터!G3470 -> 0.46598461 | R13: =IFERROR(AVERAGE(D13:Q13),"") -> 0.46353497 | S13: =COUNT(D13:Q13) -> 14
A14: 서울 | B14: 금천구 | C14: 서울 금천구 | D14: =원천데이터!G14 -> 0.47401121 | E14: =원천데이터!G277 -> 0.47204844 | F14: =원천데이터!G540 -> 0.47293792 | G14: =원천데이터!G807 -> 0.4753531 | H14: =원천데이터!G1075 -> 0.47652603 | I14: =원천데이터!G1343 -> 0.47856572 | J14: =원천데이터!G1609 -> 0.48013552 | K14: =원천데이터!G1875 -> 0.4800724 | L14: =원천데이터!G2141 -> 0.47943279 | M14: =원천데이터!G2407 -> 0.47859501 | N14: =원천데이터!G2673 -> 0.48165931 | O14: =원천데이터!G2939 -> 0.4757012 | P14: =원천데이터!G3205 -> 0.48067492 | Q14: =원천데이터!G3471 -> 0.48203163 | R14: =IFERROR(AVERAGE(D14:Q14),"") -> 0.47769609 | S14: =COUNT(D14:Q14) -> 14
A15: 서울 | B15: 노원구 | C15: 서울 노원구 | D15: =원천데이터!G15 -> 0.42077067 | E15: =원천데이터!G278 -> 0.41801575 | F15: =원천데이터!G541 -> 0.41430656 | G15: =원천데이터!G808 -> 0.41835037 | H15: =원천데이터!G1076 -> 0.41910992 | I15: =원천데이터!G1344 -> 0.42137611 | J15: =원천데이터!G1610 -> 0.4225285 | K15: =원천데이터!G1876 -> 0.42136029 | L15: =원천데이터!G2142 -> 0.42345227 | M15: =원천데이터!G2408 -> 0.41817367 | N15: =원천데이터!G2674 -> 0.42416631 | O15: =원천데이터!G2940 -> 0.42568189 | P15: =원천데이터!G3206 -> 0.42605765 | Q15: =원천데이터!G3472 -> 0.42773408 | R15: =IFERROR(AVERAGE(D15:Q15),"") -> 0.421506 | S15: =COUNT(D15:Q15) -> 14
A16: 서울 | B16: 도봉구 | C16: 서울 도봉구 | D16: =원천데이터!G16 -> 0.47107566 | E16: =원천데이터!G279 -> 0.46688332 | F16: =원천데이터!G542 -> 0.46806527 | G16: =원천데이터!G809 -> 0.46970471 | H16: =원천데이터!G1077 -> 0.47498916 | I16: =원천데이터!G1345 -> 0.47462217 | J16: =원천데이터!G1611 -> 0.47668012 | K16: =원천데이터!G1877 -> 0.47588776 | L16: =원천데이터!G2143 -> 0.4788029 | M16: =원천데이터!G2409 -> 0.47560811 | N16: =원천데이터!G2675 -> 0.48058959 | O16: =원천데이터!G2941 -> 0.47502342 | P16: =원천데이터!G3207 -> 0.47938565 | Q16: =원천데이터!G3473 -> 0.4789291 | R16: =IFERROR(AVERAGE(D16:Q16),"") -> 0.47473192 | S16: =COUNT(D16:Q16) -> 14
A17: 서울 | B17: 동대문구 | C17: 서울 동대문구 | D17: =원천데이터!G17 -> 0.44202496 | E17: =원천데이터!G280 -> 0.44080667 | F17: =원천데이터!G543 -> 0.44334858 | G17: =원천데이터!G810 -> 0.44518417 | H17: =원천데이터!G1078 -> 0.44563277 | I17: =원천데이터!G1346 -> 0.44706545 | J17: =원천데이터!G1612 -> 0.44893472 | K17: =원천데이터!G1878 -> 0.45227514 | L17: =원천데이터!G2144 -> 0.46185308 | M17: =원천데이터!G2410 -> 0.45757497 | N17: =원천데이터!G2676 -> 0.46010066 | O17: =원천데이터!G2942 -> 0.4590034 | P17: =원천데이터!G3208 -> 0.46666429 | Q17: =원천데이터!G3474 -> 0.46479669 | R17: =IFERROR(AVERAGE(D17:Q17),"") -> 0.45251897 | S17: =COUNT(D17:Q17) -> 14
... A49: 대구 | B49: 전체 | C49: 대구 | D49: =원천데이터!G49 -> 0.16524839 | E49: =원천데이터!G312 -> 0.16299644 | F49: =원천데이터!G575 -> 0.16263103 | G49: =원천데이터!G842 -> 0.16424244 | H49: =원천데이터!G1110 -> 0.16583886 | I49: =원천데이터!G1378 -> 0.16668544 | J49: =원천데이터!G1644 -> 0.16584858 | K49: =원천데이터!G1910 -> 0.16693081 | L49: =원천데이터!G2176 -> 0.16726686 | M49: =원천데이터!G2442 -> 0.15180972 | N49: =원천데이터!G2708 -> 0.1489993 | O49: =원천데이터!G2974 -> 0.16873644 | P49: =원천데이터!G3240 -> 0.17115852 | Q49: =원천데이터!G3506 -> 0.16933092 | R49: =IFERROR(AVERAGE(D49:Q49),"") -> 0.16412312 | S49: =COUNT(D49:Q49) -> 14
A50: 대구 | B50: 군위군 | C50: 대구 군위군 | P50: =원천데이터!G3241 -> 0.57176694 | Q50: =원천데이터!G3507 -> 0.5750449 | R50: =IFERROR(AVERAGE(D50:Q50),"") -> 0.57340592 | S50: =COUNT(D50:Q50) -> 2
A51: 대구 | B51: 남구 | C51: 대구 남구 | D51: =원천데이터!G50 -> 0.51469352 | E51: =원천데이터!G313 -> 0.51636228 | F51: =원천데이터!G576 -> 0.51210435 | G51: =원천데이터!G843 -> 0.51135196 | H51: =원천데이터!G1111 -> 0.51180759 | I51: =원천데이터!G1379 -> 0.51227263 | J51: =원천데이터!G1645 -> 0.51681561 | K51: =원천데이터!G1911 -> 0.5170465 | L51: =원천데이터!G2177 -> 0.52277574 | M51: =원천데이터!G2443 -> 0.52497305 | N51: =원천데이터!G2709 -> 0.52229821 | O51: =원천데이터!G2975 -> 0.51233426 | P51: =원천데이터!G3242 -> 0.51497756 | Q51: =원천데이터!G3508 -> 0.5189705 | R51: =IFERROR(AVERAGE(D51:Q51),"") -> 0.5163417 | S51: =COUNT(D51:Q51) -> 14
A52: 대구 | B52: 달서구 | C52: 대구 달서구 | D52: =원천데이터!G51 -> 0.41179294 | E52: =원천데이터!G314 -> 0.4130147 | F52: =원천데이터!G577 -> 0.42012025 | G52: =원천데이터!G844 -> 0.42307195 | H52: =원천데이터!G1112 -> 0.4260889 | I52: =원천데이터!G1380 -> 0.42921134 | J52: =원천데이터!G1646 -> 0.42916738 | K52: =원천데이터!G1912 -> 0.43115374 | L52: =원천데이터!G2178 -> 0.42858922 | M52: =원천데이터!G2444 -> 0.42069987 | N52: =원천데이터!G2710 -> 0.42541885 | O52: =원천데이터!G2976 -> 0.42907396 | P52: =원천데이터!G3243 -> 0.42585399 | Q52: =원천데이터!G3509 -> 0.42682308 | R52: =IFERROR(AVERAGE(D52:Q52),"") -> 0.42429144 | S52: =COUNT(D52:Q52) -> 14
A53: 대구 | B53: 달성군 | C53: 대구 달성군 | D53: =원천데이터!G52 -> 0.49254617 | E53: =원천데이터!G315 -> 0.48664546 | F53: =원천데이터!G578 -> 0.48464357 | G53: =원천데이터!G845 -> 0.48581085 | H53: =원천데이터!G1113 -> 0.49251193 | I53: =원천데이터!G1381 -> 0.49943012 | J53: =원천데이터!G1647 -> 0.4941268 | K53: =원천데이터!G1913 -> 0.48349256 | L53: =원천데이터!G2179 -> 0.48581302 | M53: =원천데이터!G2445 -> 0.48257312 | N53: =원천데이터!G2711 -> 0.482531 | O53: =원천데이터!G2977 -> 0.47678649 | P53: =원천데이터!G3244 -> 0.47340497 | Q53: =원천데이터!G3510 -> 0.46860963 | R53: =IFERROR(AVERAGE(D53:Q53),"") -> 0.48492326 | S53: =COUNT(D53:Q53) -> 14
A54: 대구 | B54: 동구 | C54: 대구 동구 | D54: =원천데이터!G53 -> 0.45243232 | E54: =원천데이터!G316 -> 0.45237979 | F54: =원천데이터!G579 -> 0.45666157 | G54: =원천데이터!G846 -> 0.45625174 | H54: =원천데이터!G1114 -> 0.45527352 | I54: =원천데이터!G1382 -> 0.45424444 | J54: =원천데이터!G1648 -> 0.45371721 | K54: =원천데이터!G1914 -> 0.45367758 | L54: =원천데이터!G2180 -> 0.45398114 | M54: =원천데이터!G2446 -> 0.45052868 | N54: =원천데이터!G2712 -> 0.45740987 | O54: =원천데이터!G2978 -> 0.45519462 | P54: =원천데이터!G3245 -> 0.45858944 | Q54: =원천데이터!G3511 -> 0.46101792 | R54: =IFERROR(AVERAGE(D54:Q54),"") -> 0.45509713 | S54: =COUNT(D54:Q54) -> 14
A55: 대구 | B55: 북구 | C55: 대구 북구 | D55: =원천데이터!G54 -> 0.40952254 | E55: =원천데이터!G317 -> 0.40778385 | F55: =원천데이터!G580 -> 0.40959033 | G55: =원천데이터!G847 -> 0.41160011 | H55: =원천데이터!G1115 -> 0.41524704 | I55: =원천데이터!G1383 -> 0.41976009 | J55: =원천데이터!G1649 -> 0.4239248 | K55: =원천데이터!G1915 -> 0.42585167 | L55: =원천데이터!G2181 -> 0.42933414 | M55: =원천데이터!G2447 -> 0.42999814 | N55: =원천데이터!G2713 -> 0.43316038 | O55: =원천데이터!G2979 -> 0.43369953 | P55: =원천데이터!G3246 -> 0.43318355 | Q55: =원천데이터!G3512 -> 0.43499816 | R55: =IFERROR(AVERAGE(D55:Q55),"") -> 0.4226896 | S55: =COUNT(D55:Q55) -> 14
A56: 대구 | B56: 서구 | C56: 대구 서구 | D56: =원천데이터!G55 -> 0.49609884 | E56: =원천데이터!G318 -> 0.4959112 | F56: =원천데이터!G581 -> 0.49546213 | G56: =원천데이터!G848 -> 0.49711378 | H56: =원천데이터!G1116 -> 0.50193516 | I56: =원천데이터!G1384 -> 0.50122111 | J56: =원천데이터!G1650 -> 0.50464286 | K56: =원천데이터!G1916 -> 0.50500452 | L56: =원천데이터!G2182 -> 0.50825552 | M56: =원천데이터!G2448 -> 0.51208811 | N56: =원천데이터!G2714 -> 0.51175423 | O56: =원천데이터!G2980 -> 0.50337706 | P56: =원천데이터!G3247 -> 0.51489268 | Q56: =원천데이터!G3513 -> 0.51181585 | R56: =IFERROR(AVERAGE(D56:Q56),"") -> 0.50425522 | S56: =COUNT(D56:Q56) -> 14
A57: 대구 | B57: 수성구 | C57: 대구 수성구 | D57: =원천데이터!G56 -> 0.44186326 | E57: =원천데이터!G319 -> 0.44000641 | F57: =원천데이터!G582 -> 0.44157795 | G57: =원천데이터!G849 -> 0.44214975 | H57: =원천데이터!G1117 -> 0.44366046 | I57: =원천데이터!G1385 -> 0.44619066 | J57: =원천데이터!G1651 -> 0.44498362 | K57: =원천데이터!G1917 -> 0.44946677 | L57: =원천데이터!G2183 -> 0.45257312 | M57: =원천데이터!G2449 -> 0.44957695 | N57: =원천데이터!G2715 -> 0.45284539 | O57: =원천데이터!G2981 -> 0.45434035 | P57: =원천데이터!G3248 -> 0.45456841 | Q57: =원천데이터!G3514 -> 0.45354091 | R57: =IFERROR(AVERAGE(D57:Q57),"") -> 0.44766743 | S57: =COUNT(D57:Q57) -> 14
A58: 대구 | B58: 중구 | C58: 대구 중구 | D58: =원천데이터!G57 -> 0.50564316 | E58: =원천데이터!G320 -> 0.50249123 | F58: =원천데이터!G583 -> 0.50383988 | G58: =원천데이터!G850 -> 0.5070449 | H58: =원천데이터!G1118 -> 0.51046369 | I58: =원천데이터!G1386 -> 0.51085931 | J58: =원천데이터!G1652 -> 0.50333722 | K58: =원천데이터!G1918 -> 0.50058998 | L58: =원천데이터!G2184 -> 0.5020772 | M58: =원천데이터!G2450 -> 0.50113043 | N58: =원천데이터!G2716 -> 0.50542515 | O58: =원천데이터!G2982 -> 0.50266562 | P58: =원천데이터!G3249 -> 0.50629883 | Q58: =원천데이터!G3515 -> 0.50502894 | R58: =IFERROR(AVERAGE(D58:Q58),"") -> 0.50477825 | S58: =COUNT(D58:Q58) -> 14
A59: 인천 | B59: 전체 | C59: 인천 | D59: =원천데이터!G58 -> 0.27709256 | E59: =원천데이터!G321 -> 0.27381841 | F59: =원천데이터!G584 -> 0.27725808 | G59: =원천데이터!G851 -> 0.27889404 | H59: =원천데이터!G1119 -> 0.27742824 | I59: =원천데이터!G1387 -> 0.28008279 | J59: =원천데이터!G1653 -> 0.28082562 | K59: =원천데이터!G1919 -> 0.27764405 | L59: =원천데이터!G2185 -> 0.27918229 | M59: =원천데이터!G2451 -> 0.26458103 | N59: =원천데이터!G2717 -> 0.26997967 | O59: =원천데이터!G2983 -> 0.28569433 | P59: =원천데이터!G3250 -> 0.28666501 | Q59: =원천데이터!G3516 -> 0.28393986 | R59: =IFERROR(AVERAGE(D59:Q59),"") -> 0.27807757 | S59: =COUNT(D59:Q59) -> 14
A60: 인천 | B60: 강화군 | C60: 인천 강화군 | D60: =원천데이터!G59 -> 0.45518327 | E60: =원천데이터!G322 -> 0.46135064 | F60: =원천데이터!G585 -> 0.46698778 | G60: =원천데이터!G852 -> 0.47278183 | H60: =원천데이터!G1120 -> 0.48082085 | I60: =원천데이터!G1388 -> 0.48782268 | J60: =원천데이터!G1654 -> 0.500922 | K60: =원천데이터!G1920 -> 0.49621574 | L60: =원천데이터!G2186 -> 0.49144915 | M60: =원천데이터!G2452 -> 0.48593164 | N60: =원천데이터!G2718 -> 0.48438981 | O60: =원천데이터!G2984 -> 0.48026885 | P60: =원천데이터!G3251 -> 0.48767869 | Q60: =원천데이터!G3517 -> 0.49399746 | R60: =IFERROR(AVERAGE(D60:Q60),"") -> 0.48184288 | S60: =COUNT(D60:Q60) -> 14
A61: 인천 | B61: 계양구 | C61: 인천 계양구 | D61: =원천데이터!G60 -> 0.42895877 | E61: =원천데이터!G323 -> 0.42148107 | F61: =원천데이터!G586 -> 0.42321653 | G61: =원천데이터!G853 -> 0.42490298 | H61: =원천데이터!G1121 -> 0.4235508 | I61: =원천데이터!G1389 -> 0.42687185 | J61: =원천데이터!G1655 -> 0.42493158 | K61: =원천데이터!G1921 -> 0.41934102 | L61: =원천데이터!G2187 -> 0.4208023 | M61: =원천데이터!G2453 -> 0.40923515 | N61: =원천데이터!G2719 -> 0.41669187 | O61: =원천데이터!G2985 -> 0.42142482 | P61: =원천데이터!G3252 -> 0.4194385 | Q61: =원천데이터!G3518 -> 0.42371391 | R61: =IFERROR(AVERAGE(D61:Q61),"") -> 0.42175437 | S61: =COUNT(D61:Q61) -> 14
A62: 인천 | B62: 남구 | C62: 인천 남구 | D62: =원천데이터!G61 -> 0.46262651 | E62: =원천데이터!G324 -> 0.45901544 | F62: =원천데이터!G587 -> 0.46140097 | G62: =원천데이터!G854 -> 0.46171882 | H62: =원천데이터!G1122 -> 0.46309655 | I62: =원천데이터!G1390 -> 0.47055477 | J62: =원천데이터!G1656 -> 0.46861731 | R62: =IFERROR(AVERAGE(D62:Q62),"") -> 0.46386148 | S62: =COUNT(D62:Q62) -> 7
A63: 인천 | B63: 남동구 | C63: 인천 남동구 | D63: =원천데이터!G62 -> 0.41998803 | E63: =원천데이터!G325 -> 0.41660612 | F63: =원천데이터!G588 -> 0.41662655 | G63: =원천데이터!G855 -> 0.4189343 | H63: =원천데이터!G1123 -> 0.42192961 | I63: =원천데이터!G1391 -> 0.4182822 | J63: =원천데이터!G1657 -> 0.42009027 | K63: =원천데이터!G1922 -> 0.41782126 | L63: =원천데이터!G2188 -> 0.41866565 | M63: =원천데이터!G2454 -> 0.41072391 | N63: =원천데이터!G2720 -> 0.41407704 | O63: =원천데이터!G2986 -> 0.419853 | P63: =원천데이터!G3253 -> 0.41584219 | Q63: =원천데이터!G3519 -> 0.42032637 | R63: =IFERROR(AVERAGE(D63:Q63),"") -> 0.41784047 | S63: =COUNT(D63:Q63) -> 14
A64: 인천 | B64: 동구 | C64: 인천 동구 | D64: =원천데이터!G63 -> 0.50145796 | E64: =원천데이터!G326 -> 0.49510223 | F64: =원천데이터!G589 -> 0.4954634 | G64: =원천데이터!G856 -> 0.49394166 | H64: =원천데이터!G1124 -> 0.49879397 | I64: =원천데이터!G1392 -> 0.49950591 | J64: =원천데이터!G1658 -> 0.50052784 | K64: =원천데이터!G1923 -> 0.49866084 | L64: =원천데이터!G2189 -> 0.50058271 | M64: =원천데이터!G2455 -> 0.502901 | N64: =원천데이터!G2721 -> 0.5082844 | O64: =원천데이터!G2987 -> 0.49559924 | P64: =원천데이터!G3254 -> 0.50932861 | Q64: =원천데이터!G3520 -> 0.51045829 | R64: =IFERROR(AVERAGE(D64:Q64),"") -> 0.50075772 | S64: =COUNT(D64:Q64) -> 14
A65: 인천 | B65: 미추홀구 | C65: 인천 미추홀구 | K65: =원천데이터!G1924 -> 0.46936432 | L65: =원천데이터!G2190 -> 0.4650971 | M65: =원천데이터!G2456 -> 0.46283636 | N65: =원천데이터!G2722 -> 0.46949062 | O65: =원천데이터!G2988 -> 0.46396729 | P65: =원천데이터!G3255 -> 0.46414836 | Q65: =원천데이터!G3521 -> 0.46133191 | R65: =IFERROR(AVERAGE(D65:Q65),"") -> 0.46517657 | S65: =COUNT(D65:Q65) -> 7
A66: 인천 | B66: 부평구 | C66: 인천 부평구 | D66: =원천데이터!G64 -> 0.42018469 | E66: =원천데이터!G327 -> 0.41384832 | F66: =원천데이터!G590 -> 0.41700149 | G66: =원천데이터!G857 -> 0.41956722 | H66: =원천데이터!G1125 -> 0.42126776 | I66: =원천데이터!G1393 -> 0.423913 | J66: =원천데이터!G1659 -> 0.42777026 | K66: =원천데이터!G1925 -> 0.42417984 | L66: =원천데이터!G2191 -> 0.42652738 | M66: =원천데이터!G2457 -> 0.41968026 | N66: =원천데이터!G2723 -> 0.4266089 | O66: =원천데이터!G2989 -> 0.43114545 | P66: =원천데이터!G3256 -> 0.43409707 | Q66: =원천데이터!G3522 -> 0.43033934 | R66: =IFERROR(AVERAGE(D66:Q66),"") -> 0.42400936 | S66: =COUNT(D66:Q66) -> 14
A67: 인천 | B67: 서구 | C67: 인천 서구 | D67: =원천데이터!G65 -> 0.42535587 | E67: =원천데이터!G328 -> 0.43171925 | F67: =원천데이터!G591 -> 0.42789156 | G67: =원천데이터!G858 -> 0.4207779 | H67: =원천데이터!G1126 -> 0.41212548 | I67: =원천데이터!G1394 -> 0.40650733 | J67: =원천데이터!G1660 -> 0.40507816 | K67: =원천데이터!G1926 -> 0.40504299 | L67: =원천데이터!G2192 -> 0.40355578 | M67: =원천데이터!G2458 -> 0.39109648 | N67: =원천데이터!G2724 -> 0.40626205 | O67: =원천데이터!G2990 -> 0.41147471 | P67: =원천데이터!G3257 -> 0.41523652 | Q67: =원천데이터!G3523 -> 0.40693364 | R67: =IFERROR(AVERAGE(D67:Q67),"") -> 0.41207555 | S67: =COUNT(D67:Q67) -> 14
A68: 인천 | B68: 연수구 | C68: 인천 연수구 | D68: =원천데이터!G66 -> 0.44714141 | E68: =원천데이터!G329 -> 0.43262224 | F68: =원천데이터!G592 -> 0.43356675 | G68: =원천데이터!G859 -> 0.4348879 | H68: =원천데이터!G1127 -> 0.43759816 | I68: =원천데이터!G1395 -> 0.43607199 | J68: =원천데이터!G1661 -> 0.43369536 | K68: =원천데이터!G1927 -> 0.43555413 | L68: =원천데이터!G2193 -> 0.43737916 | M68: =원천데이터!G2459 -> 0.43588828 | N68: =원천데이터!G2725 -> 0.42801164 | O68: =원천데이터!G2991 -> 0.42441263 | P68: =원천데이터!G3258 -> 0.42740557 | Q68: =원천데이터!G3524 -> 0.42426416 | R68: =IFERROR(AVERAGE(D68:Q68),"") -> 0.43346424 | S68: =COUNT(D68:Q68) -> 14
A69: 인천 | B69: 옹진군 | C69: 인천 옹진군 | D69: =원천데이터!G67 -> 0.60149635 | E69: =원천데이터!G330 -> 0.60194486 | F69: =원천데이터!G593 -> 0.5959746 | G69: =원천데이터!G860 -> 0.5906226 | H69: =원천데이터!G1128 -> 0.58905601 | I69: =원천데이터!G1396 -> 0.59644588 | J69: =원천데이터!G1662 -> 0.59962994 | K69: =원천데이터!G1928 -> 0.59953869 | L69: =원천데이터!G2194 -> 0.59922833 | M69: =원천데이터!G2460 -> 0.59837112 | N69: =원천데이터!G2726 -> 0.60270013 | O69: =원천데이터!G2992 -> 0.6001674 | P69: =원천데이터!G3259 -> 0.60194995 | Q69: =원천데이터!G3525 -> 0.60460646 | R69: =IFERROR(AVERAGE(D69:Q69),"") -> 0.59869517 | S69: =COUNT(D69:Q69) -> 14
A70: 인천 | B70: 중구 | C70: 인천 중구 | D70: =원천데이터!G68 -> 0.508522 | E70: =원천데이터!G331 -> 0.5100453 | F70: =원천데이터!G594 -> 0.5034784 | G70: =원천데이터!G861 -> 0.5028471 | H70: =원천데이터!G1129 -> 0.49379581 | I70: =원천데이터!G1397 -> 0.49224345 | J70: =원천데이터!G1663 -> 0.49093697 | K70: =원천데이터!G1929 -> 0.49543133 | L70: =원천데이터!G2195 -> 0.49244248 | M70: =원천데이터!G2461 -> 0.48491495 | N70: =원천데이터!G2727 -> 0.48579458 | O70: =원천데이터!G2993 -> 0.47686566 | P70: =원천데이터!G3260 -> 0.4687818 | Q70: =원천데이터!G3526 -> 0.46660683 | R70: =IFERROR(AVERAGE(D70:Q70),"") -> 0.49090762 | S70: =COUNT(D70:Q70) -> 14
A71: 광주 | B71: 전체 | C71: 광주 | D71: =원천데이터!G69 -> 0.19447265 | E71: =원천데이터!G332 -> 0.19269178 | F71: =원천데이터!G595 -> 0.1908819 | G71: =원천데이터!G862 -> 0.19169649 | H71: =원천데이터!G1130 -> 0.19525713 | I71: =원천데이터!G1398 -> 0.19335519 | J71: =원천데이터!G1664 -> 0.19396602 | K71: =원천데이터!G1930 -> 0.19117724 | L71: =원천데이터!G2196 -> 0.19261348 | M71: =원천데이터!G2462 -> 0.17942476 | N71: =원천데이터!G2728 -> 0.17840692 | O71: =원천데이터!G2994 -> 0.19685287 | P71: =원천데이터!G3261 -> 0.19848958 | Q71: =원천데이터!G3527 -> 0.19523027 | R71: =IFERROR(AVERAGE(D71:Q71),"") -> 0.19175116 | S71: =COUNT(D71:Q71) -> 14
A72: 광주 | B72: 광산구 | C72: 광주 광산구 | D72: =원천데이터!G70 -> 0.39652688 | E72: =원천데이터!G333 -> 0.38971253 | F72: =원천데이터!G596 -> 0.38981028 | G72: =원천데이터!G863 -> 0.39313836 | H72: =원천데이터!G1131 -> 0.39347699 | I72: =원천데이터!G1399 -> 0.39529649 | J72: =원천데이터!G1665 -> 0.39569472 | K72: =원천데이터!G1931 -> 0.39415037 | L72: =원천데이터!G2197 -> 0.39475848 | M72: =원천데이터!G2463 -> 0.39185183 | N72: =원천데이터!G2729 -> 0.39031201 | O72: =원천데이터!G2995 -> 0.39401821 | P72: =원천데이터!G3262 -> 0.39847911 | Q72: =원천데이터!G3528 -> 0.39638526 | R72: =IFERROR(AVERAGE(D72:Q72),"") -> 0.39382939 | S72: =COUNT(D72:Q72) -> 14
A73: 광주 | B73: 남구 | C73: 광주 남구 | D73: =원천데이터!G71 -> 0.47764669 | E73: =원천데이터!G334 -> 0.47574217 | F73: =원천데이터!G597 -> 0.47460993 | G73: =원천데이터!G864 -> 0.47501373 | H73: =원천데이터!G1132 -> 0.48015646 | I73: =원천데이터!G1400 -> 0.47743434 | J73: =원천데이터!G1666 -> 0.47312982 | K73: =원천데이터!G1932 -> 0.47085221 | L73: =원천데이터!G2198 -> 0.47310343 | M73: =원천데이터!G2464 -> 0.46787068 | N73: =원천데이터!G2730 -> 0.46871353 | O73: =원천데이터!G2996 -> 0.46651087 | P73: =원천데이터!G3263 -> 0.47067771 | Q73: =원천데이터!G3529 -> 0.46823346 | R73: =IFERROR(AVERAGE(D73:Q73),"") -> 0.47283536 | S73: =COUNT(D73:Q73) -> 14
A74: 광주 | B74: 동구 | C74: 광주 동구 | D74: =원천데이터!G72 -> 0.49955481 | E74: =원천데이터!G335 -> 0.49533276 | F74: =원천데이터!G598 -> 0.49549102 | G74: =원천데이터!G865 -> 0.50078102 | H74: =원천데이터!G1133 -> 0.50199066 | I74: =원천데이터!G1401 -> 0.50284421 | J74: =원천데이터!G1667 -> 0.50898064 | K74: =원천데이터!G1933 -> 0.51205089 | L74: =원천데이터!G2199 -> 0.51812782 | M74: =원천데이터!G2465 -> 0.52262225 | N74: =원천데이터!G2731 -> 0.5178839 | O74: =원천데이터!G2997 -> 0.50777867 | P74: =원천데이터!G3264 -> 0.50611865 | Q74: =원천데이터!G3530 -> 0.5062253 | R74: =IFERROR(AVERAGE(D74:Q74),"") -> 0.50684162 | S74: =COUNT(D74:Q74) -> 14
A75: 광주 | B75: 북구 | C75: 광주 북구 | D75: =원천데이터!G73 -> 0.43739759 | E75: =원천데이터!G336 -> 0.44073131 | F75: =원천데이터!G599 -> 0.4411854 | G75: =원천데이터!G866 -> 0.44278844 | H75: =원천데이터!G1134 -> 0.44206612 | I75: =원천데이터!G1402 -> 0.44235901 | J75: =원천데이터!G1668 -> 0.44193398 | K75: =원천데이터!G1934 -> 0.44243168 | L75: =원천데이터!G2200 -> 0.44298139 | M75: =원천데이터!G2466 -> 0.43946298 | N75: =원천데이터!G2732 -> 0.44035535 | O75: =원천데이터!G2998 -> 0.44304461 | P75: =원천데이터!G3265 -> 0.44367589 | Q75: =원천데이터!G3531 -> 0.44430451 | R75: =IFERROR(AVERAGE(D75:Q75),"") -> 0.44176559 | S75: =COUNT(D75:Q75) -> 14
A76: 광주 | B76: 서구 | C76: 광주 서구 | D76: =원천데이터!G74 -> 0.44565135 | E76: =원천데이터!G337 -> 0.44350537 | F76: =원천데이터!G600 -> 0.44526393 | G76: =원천데이터!G867 -> 0.44911503 | H76: =원천데이터!G1135 -> 0.44816609 | I76: =원천데이터!G1403 -> 0.4487316 | J76: =원천데이터!G1669 -> 0.44616191 | K76: =원천데이터!G1935 -> 0.44590939 | L76: =원천데이터!G2201 -> 0.44758173 | M76: =원천데이터!G2467 -> 0.43970331 | N76: =원천데이터!G2733 -> 0.44093619 | O76: =원천데이터!G2999 -> 0.44451416 | P76: =원천데이터!G3266 -> 0.44426016 | Q76: =원천데이터!G3532 -> 0.44265882 | R76: =IFERROR(AVERAGE(D76:Q76),"") -> 0.44515422 | S76: =COUNT(D76:Q76) -> 14
A77: 대전 | B77: 전체 | C77: 대전 | D77: =원천데이터!G75 -> 0.18957219 | E77: =원천데이터!G338 -> 0.18969845 | F77: =원천데이터!G601 -> 0.19022972 | G77: =원천데이터!G868 -> 0.19184461 | H77: =원천데이터!G1136 -> 0.19424726 | I77: =원천데이터!G1404 -> 0.19782711 | J77: =원천데이터!G1670 -> 0.20471157 | K77: =원천데이터!G1936 -> 0.20208869 | L77: =원천데이터!G2202 -> 0.20023929 | M77: =원천데이터!G2468 -> 0.18598465 | N77: =원천데이터!G2734 -> 0.18726673 | O77: =원천데이터!G3000 -> 0.20691363 | P77: =원천데이터!G3267 -> 0.20970254 | Q77: =원천데이터!G3533 -> 0.2091791 | R77: =IFERROR(AVERAGE(D77:Q77),"") -> 0.19710754 | S77: =COUNT(D77:Q77) -> 14
... A88: 울산 | B88: 중구 | C88: 울산 중구 | D88: =원천데이터!G86 -> 0.46726027 | E88: =원천데이터!G349 -> 0.46417039 | F88: =원천데이터!G612 -> 0.46834747 | G88: =원천데이터!G879 -> 0.47398643 | H88: =원천데이터!G1147 -> 0.47651214 | I88: =원천데이터!G1415 -> 0.47311006 | J88: =원천데이터!G1681 -> 0.47281163 | K88: =원천데이터!G1947 -> 0.47130468 | L88: =원천데이터!G2213 -> 0.47254756 | M88: =원천데이터!G2479 -> 0.47231098 | N88: =원천데이터!G2745 -> 0.47340683 | O88: =원천데이터!G3011 -> 0.46747173 | P88: =원천데이터!G3278 -> 0.47459536 | Q88: =원천데이터!G3544 -> 0.47550415 | R88: =IFERROR(AVERAGE(D88:Q88),"") -> 0.47166712 | S88: =COUNT(D88:Q88) -> 14
A89: 세종 | B89: 전체 | C89: 세종 | E89: =원천데이터!G350 -> 0.50606176 | F89: =원천데이터!G613 -> 0.49747828 | G89: =원천데이터!G880 -> 0.52039158 | H89: =원천데이터!G1148 -> 0.50150675 | I89: =원천데이터!G1416 -> 0.47964156 | J89: =원천데이터!G1682 -> 0.46292927 | K89: =원천데이터!G1948 -> 0.45271063 | L89: =원천데이터!G2214 -> 0.44405596 | M89: =원천데이터!G2480 -> 0.42032459 | N89: =원천데이터!G2746 -> 0.40258852 | O89: =원천데이터!G3012 -> 0.39781144 | P89: =원천데이터!G3279 -> 0.39231409 | Q89: =원천데이터!G3545 -> 0.38600909 | R89: =IFERROR(AVERAGE(D89:Q89),"") -> 0.45106335 | S89: =COUNT(D89:Q89) -> 13
A90: 경기 | B90: 전체 | C90: 경기 | D90: =원천데이터!G87 -> 0.27093806 | E90: =원천데이터!G351 -> 0.27205805 | F90: =원천데이터!G614 -> 0.27283754 | G90: =원천데이터!G881 -> 0.27404922 | H90: =원천데이터!G1149 -> 0.27524958 | I90: =원천데이터!G1417 -> 0.2794813 | J90: =원천데이터!G1683 -> 0.27944173 | K90: =원천데이터!G1949 -> 0.28076258 | L90: =원천데이터!G2215 -> 0.28233497 | M90: =원천데이터!G2481 -> 0.26951293 | N90: =원천데이터!G2747 -> 0.27189519 | O90: =원천데이터!G3013 -> 0.28234645 | P90: =원천데이터!G3280 -> 0.28235482 | Q90: =원천데이터!G3546 -> 0.2789538 | R90: =IFERROR(AVERAGE(D90:Q90),"") -> 0.27658687 | S90: =COUNT(D90:Q90) -> 14
A91: 경기 | B91: 가평군 | C91: 경기 가평군 | D91: =원천데이터!G88 -> 0.46825174 | E91: =원천데이터!G352 -> 0.4745344 | F91: =원천데이터!G615 -> 0.47411014 | G91: =원천데이터!G882 -> 0.47753071 | H91: =원천데이터!G1150 -> 0.48270736 | I91: =원천데이터!G1418 -> 0.49586488 | J91: =원천데이터!G1684 -> 0.49778075 | K91: =원천데이터!G1950 -> 0.49925653 | L91: =원천데이터!G2216 -> 0.50741011 | M91: =원천데이터!G2482 -> 0.49503856 | N91: =원천데이터!G2748 -> 0.49397437 | O91: =원천데이터!G3014 -> 0.49476715 | P91: =원천데이터!G3281 -> 0.49916888 | Q91: =원천데이터!G3547 -> 0.50149372 | R91: =IFERROR(AVERAGE(D91:Q91),"") -> 0.49013495 | S91: =COUNT(D91:Q91) -> 14
A92: 경기 | B92: 고양시덕양구 | C92: 경기 고양시덕양구 | D92: =원천데이터!G89 -> 0.43978636 | E92: =원천데이터!G353 -> 0.43954278 | F92: =원천데이터!G616 -> 0.44933283 | G92: =원천데이터!G883 -> 0.45113646 | H92: =원천데이터!G1151 -> 0.45358668 | I92: =원천데이터!G1419 -> 0.44943069 | J92: =원천데이터!G1685 -> 0.44970585 | K92: =원천데이터!G1951 -> 0.44819448 | L92: =원천데이터!G2217 -> 0.46332375 | M92: =원천데이터!G2483 -> 0.46213015 | N92: =원천데이터!G2749 -> 0.46047442 | O92: =원천데이터!G3015 -> 0.45290062 | P92: =원천데이터!G3282 -> 0.45373851 | Q92: =원천데이터!G3548 -> 0.45006928 | R92: =IFERROR(AVERAGE(D92:Q92),"") -> 0.45166806 | S92: =COUNT(D92:Q92) -> 14
A93: 경기 | B93: 고양시일산구 | C93: 경기 고양시일산구 | D93: =원천데이터!G90 -> 0.36270578 | E93: =원천데이터!G354 -> 0.45553338 | R93: =IFERROR(AVERAGE(D93:Q93),"") -> 0.40911958 | S93: =COUNT(D93:Q93) -> 2
A94: 경기 | B94: 고양시일산동구 | C94: 경기 고양시일산동구 | F94: =원천데이터!G617 -> 0.46275318 | G94: =원천데이터!G884 -> 0.46125631 | H94: =원천데이터!G1152 -> 0.46107472 | I94: =원천데이터!G1420 -> 0.46196122 | J94: =원천데이터!G1686 -> 0.45916429 | K94: =원천데이터!G1952 -> 0.46197684 | L94: =원천데이터!G2218 -> 0.46590188 | M94: =원천데이터!G2484 -> 0.46248005 | N94: =원천데이터!G2750 -> 0.462112 | O94: =원천데이터!G3016 -> 0.46440268 | P94: =원천데이터!G3283 -> 0.46565499 | Q94: =원천데이터!G3549 -> 0.4688771 | R94: =IFERROR(AVERAGE(D94:Q94),"") -> 0.4631346 | S94: =COUNT(D94:Q94) -> 12
A95: 경기 | B95: 고양시일산서구 | C95: 경기 고양시일산서구 | F95: =원천데이터!G618 -> 0.45393658 | G95: =원천데이터!G885 -> 0.45705442 | H95: =원천데이터!G1153 -> 0.45893442 | I95: =원천데이터!G1421 -> 0.46396192 | J95: =원천데이터!G1687 -> 0.46131331 | K95: =원천데이터!G1953 -> 0.46533154 | L95: =원천데이터!G2219 -> 0.47001377 | M95: =원천데이터!G2485 -> 0.46619334 | N95: =원천데이터!G2751 -> 0.4683164 | O95: =원천데이터!G3017 -> 0.46569646 | P95: =원천데이터!G3284 -> 0.46648485 | Q95: =원천데이터!G3550 -> 0.46647991 | R95: =IFERROR(AVERAGE(D95:Q95),"") -> 0.46364308 | S95: =COUNT(D95:Q95) -> 12
A96: 경기 | B96: 과천시 | C96: 경기 과천시 | D96: =원천데이터!G91 -> 0.50678589 | E96: =원천데이터!G355 -> 0.5071812 | F96: =원천데이터!G619 -> 0.50920476 | G96: =원천데이터!G886 -> 0.50733086 | H96: =원천데이터!G1154 -> 0.50881803 | I96: =원천데이터!G1422 -> 0.50957409 | J96: =원천데이터!G1688 -> 0.50981663 | K96: =원천데이터!G1954 -> 0.51613015 | L96: =원천데이터!G2220 -> 0.52104113 | M96: =원천데이터!G2486 -> 0.52993856 | N96: =원천데이터!G2752 -> 0.53229523 | O96: =원천데이터!G3018 -> 0.51594928 | P96: =원천데이터!G3285 -> 0.51192183 | Q96: =원천데이터!G3551 -> 0.50774997 | R96: =IFERROR(AVERAGE(D96:Q96),"") -> 0.5138384 | S96: =COUNT(D96:Q96) -> 14
A97: 경기 | B97: 광명시 | C97: 경기 광명시 | D97: =원천데이터!G92 -> 0.42129891 | E97: =원천데이터!G356 -> 0.41862172 | F97: =원천데이터!G620 -> 0.4190394 | G97: =원천데이터!G887 -> 0.41725832 | H97: =원천데이터!G1155 -> 0.41398249 | I97: =원천데이터!G1423 -> 0.41545826 | J97: =원천데이터!G1689 -> 0.41764609 | K97: =원천데이터!G1955 -> 0.41731579 | L97: =원천데이터!G2221 -> 0.42225975 | M97: =원천데이터!G2487 -> 0.41260945 | N97: =원천데이터!G2753 -> 0.41553989 | O97: =원천데이터!G3019 -> 0.41559374 | P97: =원천데이터!G3286 -> 0.41062722 | Q97: =원천데이터!G3552 -> 0.40781539 | R97: =IFERROR(AVERAGE(D97:Q97),"") -> 0.41607617 | S97: =COUNT(D97:Q97) -> 14
A98: 경기 | B98: 광주시 | C98: 경기 광주시 | D98: =원천데이터!G93 -> 0.46611452 | E98: =원천데이터!G357 -> 0.46803186 | F98: =원천데이터!G621 -> 0.47355257 | G98: =원천데이터!G888 -> 0.47571934 | H98: =원천데이터!G1156 -> 0.48019955 | I98: =원천데이터!G1424 -> 0.48326339 | J98: =원천데이터!G1690 -> 0.48188465 | K98: =원천데이터!G1956 -> 0.47907119 | L98: =원천데이터!G2222 -> 0.47575684 | M98: =원천데이터!G2488 -> 0.47121946 | N98: =원천데이터!G2754 -> 0.47195494 | O98: =원천데이터!G3020 -> 0.45866923 | P98: =원천데이터!G3287 -> 0.45910202 | Q98: =원천데이터!G3553 -> 0.45745285 | R98: =IFERROR(AVERAGE(D98:Q98),"") -> 0.47157089 | S98: =COUNT(D98:Q98) -> 14
A99: 경기 | B99: 구리시 | C99: 경기 구리시 | D99: =원천데이터!G94 -> 0.41256574 | E99: =원천데이터!G358 -> 0.40205899 | F99: =원천데이터!G622 -> 0.40375545 | G99: =원천데이터!G889 -> 0.40239016 | H99: =원천데이터!G1157 -> 0.40505244 | I99: =원천데이터!G1425 -> 0.42179285 | J99: =원천데이터!G1691 -> 0.42513422 | K99: =원천데이터!G1957 -> 0.42561542 | L99: =원천데이터!G2223 -> 0.42744172 | M99: =원천데이터!G2489 -> 0.42103752 | N99: =원천데이터!G2755 -> 0.42547618 | O99: =원천데이터!G3021 -> 0.42869565 | P99: =원천데이터!G3288 -> 0.4321713 | Q99: =원천데이터!G3554 -> 0.43064781 | R99: =IFERROR(AVERAGE(D99:Q99),"") -> 0.41884539 | S99: =COUNT(D99:Q99) -> 14
A100: 경기 | B100: 군포시 | C100: 경기 군포시 | D100: =원천데이터!G95 -> 0.42383804 | E100: =원천데이터!G359 -> 0.42454291 | F100: =원천데이터!G623 -> 0.42372936 | G100: =원천데이터!G890 -> 0.42483676 | H100: =원천데이터!G1158 -> 0.42414173 | I100: =원천데이터!G1426 -> 0.42448767 | J100: =원천데이터!G1692 -> 0.42744703 | K100: =원천데이터!G1958 -> 0.42519961 | L100: =원천데이터!G2224 -> 0.42829606 | M100: =원천데이터!G2490 -> 0.4221845 | N100: =원천데이터!G2756 -> 0.42172502 | O100: =원천데이터!G3022 -> 0.42458734 | P100: =원천데이터!G3289 -> 0.4269863 | Q100: =원천데이터!G3555 -> 0.42680601 | R100: =IFERROR(AVERAGE(D100:Q100),"") -> 0.42491488 | S100: =COUNT(D100:Q100) -> 14
A101: 경기 | B101: 김포시 | C101: 경기 김포시 | D101: =원천데이터!G96 -> 0.41678777 | E101: =원천데이터!G360 -> 0.4216425 | F101: =원천데이터!G624 -> 0.42321009 | G101: =원천데이터!G891 -> 0.42319747 | H101: =원천데이터!G1159 -> 0.41167305 | I101: =원천데이터!G1427 -> 0.41156941 | J101: =원천데이터!G1693 -> 0.41205265 | K101: =원천데이터!G1959 -> 0.41472033 | L101: =원천데이터!G2225 -> 0.40453717 | M101: =원천데이터!G2491 -> 0.40390902 | N101: =원천데이터!G2757 -> 0.39001712 | O101: =원천데이터!G3023 -> 0.39249514 | P101: =원천데이터!G3290 -> 0.39944785 | Q101: =원천데이터!G3556 -> 0.39274869 | R101: =IFERROR(AVERAGE(D101:Q101),"") -> 0.40842916 | S101: =COUNT(D101:Q101) -> 14
A102: 경기 | B102: 남양주시 | C102: 경기 남양주시 | D102: =원천데이터!G97 -> 0.43422507 | E102: =원천데이터!G361 -> 0.43555539 | F102: =원천데이터!G625 -> 0.43429722 | G102: =원천데이터!G892 -> 0.43278341 | H102: =원천데이터!G1160 -> 0.43327072 | I102: =원천데이터!G1428 -> 0.43682993 | J102: =원천데이터!G1694 -> 0.43072415 | K102: =원천데이터!G1960 -> 0.43585607 | L102: =원천데이터!G2226 -> 0.43903947 | M102: =원천데이터!G2492 -> 0.42882723 | N102: =원천데이터!G2758 -> 0.43270903 | O102: =원천데이터!G3024 -> 0.42349748 | P102: =원천데이터!G3291 -> 0.42483724 | Q102: =원천데이터!G3557 -> 0.42090763 | R102: =IFERROR(AVERAGE(D102:Q102),"") -> 0.43166857 | S102: =COUNT(D102:Q102) -> 14
A103: 경기 | B103: 동두천시 | C103: 경기 동두천시 | D103: =원천데이터!G98 -> 0.39767836 | E103: =원천데이터!G362 -> 0.40185745 | F103: =원천데이터!G626 -> 0.40448514 | G103: =원천데이터!G893 -> 0.40754875 | H103: =원천데이터!G1161 -> 0.41049986 | I103: =원천데이터!G1429 -> 0.41554892 | J103: =원천데이터!G1695 -> 0.41376361 | K103: =원천데이터!G1961 -> 0.41942622 | L103: =원천데이터!G2227 -> 0.42753371 | M103: =원천데이터!G2493 -> 0.4165583 | N103: =원천데이터!G2759 -> 0.43137797 | O103: =원천데이터!G3025 -> 0.43183962 | P103: =원천데이터!G3292 -> 0.43374595 | Q103: =원천데이터!G3558 -> 0.43402481 | R103: =IFERROR(AVERAGE(D103:Q103),"") -> 0.41756348 | S103: =COUNT(D103:Q103) -> 14
A104: 경기 | B104: 부천시 | C104: 경기 부천시 | I104: =원천데이터!G1430 -> 0.3543136 | J104: =원천데이터!G1696 -> 0.3523133 | K104: =원천데이터!G1962 -> 0.35390124 | L104: =원천데이터!G2228 -> 0.3544395 | M104: =원천데이터!G2494 -> 0.34295151 | N104: =원천데이터!G2760 -> 0.34981384 | O104: =원천데이터!G3026 -> 0.35948648 | P104: =원천데이터!G3293 -> 0.35710275 | R104: =IFERROR(AVERAGE(D104:Q104),"") -> 0.35304028 | S104: =COUNT(D104:Q104) -> 8
A105: 경기 | B105: 부천시소사구 | C105: 경기 부천시소사구 | D105: =원천데이터!G99 -> 0.49460901 | E105: =원천데이터!G363 -> 0.49335121 | F105: =원천데이터!G627 -> 0.49409849 | G105: =원천데이터!G894 -> 0.49601063 | H105: =원천데이터!G1162 -> 0.497794 | Q105: =원천데이터!G3559 -> 0.48655128 | R105: =IFERROR(AVERAGE(D105:Q105),"") -> 0.49373577 | S105: =COUNT(D105:Q105) -> 6
A106: 경기 | B106: 부천시오정구 | C106: 경기 부천시오정구 | D106: =원천데이터!G100 -> 0.47066704 | E106: =원천데이터!G364 -> 0.47030542 | F106: =원천데이터!G628 -> 0.4730463 | G106: =원천데이터!G895 -> 0.47413513 | H106: =원천데이터!G1163 -> 0.48041932 | Q106: =원천데이터!G3560 -> 0.48576033 | R106: =IFERROR(AVERAGE(D106:Q106),"") -> 0.47572226 | S106: =COUNT(D106:Q106) -> 6
A107: 경기 | B107: 부천시원미구 | C107: 경기 부천시원미구 | D107: =원천데이터!G101 -> 0.4045846 | E107: =원천데이터!G365 -> 0.40185559 | F107: =원천데이터!G629 -> 0.40407856 | G107: =원천데이터!G896 -> 0.40683155 | H107: =원천데이터!G1164 -> 0.40324393 | Q107: =원천데이터!G3561 -> 0.41721506 | R107: =IFERROR(AVERAGE(D107:Q107),"") -> 0.40630155 | S107: =COUNT(D107:Q107) -> 6
A108: 경기 | B108: 성남시분당구 | C108: 경기 성남시분당구 | D108: =원천데이터!G102 -> 0.40369143 | E108: =원천데이터!G366 -> 0.39833763 | F108: =원천데이터!G630 -> 0.39938122 | G108: =원천데이터!G897 -> 0.39872524 | H108: =원천데이터!G1165 -> 0.39717203 | I108: =원천데이터!G1431 -> 0.39648383 | J108: =원천데이터!G1697 -> 0.39681231 | K108: =원천데이터!G1963 -> 0.39706138 | L108: =원천데이터!G2229 -> 0.39673893 | M108: =원천데이터!G2495 -> 0.38329528 | N108: =원천데이터!G2761 -> 0.39132163 | O108: =원천데이터!G3027 -> 0.40187097 | P108: =원천데이터!G3294 -> 0.39534286 | Q108: =원천데이터!G3562 -> 0.39781536 | R108: =IFERROR(AVERAGE(D108:Q108),"") -> 0.39671786 | S108: =COUNT(D108:Q108) -> 14
A109: 경기 | B109: 성남시수정구 | C109: 경기 성남시수정구 | D109: =원천데이터!G103 -> 0.50744894 | E109: =원천데이터!G367 -> 0.50610801 | F109: =원천데이터!G631 -> 0.5083186 | G109: =원천데이터!G898 -> 0.5141082 | H109: =원천데이터!G1166 -> 0.51781777 | I109: =원천데이터!G1432 -> 0.52662019 | J109: =원천데이터!G1698 -> 0.5163742 | K109: =원천데이터!G1964 -> 0.51093677 | L109: =원천데이터!G2230 -> 0.51286435 | M109: =원천데이터!G2496 -> 0.51431931 | N109: =원천데이터!G2762 -> 0.50399384 | O109: =원천데이터!G3028 -> 0.49563766 | P109: =원천데이터!G3295 -> 0.50336551 | Q109: =원천데이터!G3563 -> 0.49495721 | R109: =IFERROR(AVERAGE(D109:Q109),"") -> 0.50949075 | S109: =COUNT(D109:Q109) -> 14
A110: 경기 | B110: 성남시중원구 | C110: 경기 성남시중원구 | D110: =원천데이터!G104 -> 0.48361438 | E110: =원천데이터!G368 -> 0.48030618 | F110: =원천데이터!G632 -> 0.48736547 | G110: =원천데이터!G899 -> 0.48589582 | H110: =원천데이터!G1167 -> 0.49126009 | I110: =원천데이터!G1433 -> 0.49773535 | J110: =원천데이터!G1699 -> 0.50297421 | K110: =원천데이터!G1965 -> 0.50723855 | L110: =원천데이터!G2231 -> 0.50972187 | M110: =원천데이터!G2497 -> 0.51630745 | N110: =원천데이터!G2763 -> 0.5260797 | O110: =원천데이터!G3029 -> 0.52151256 | P110: =원천데이터!G3296 -> 0.51983786 | Q110: =원천데이터!G3564 -> 0.51925289 | R110: =IFERROR(AVERAGE(D110:Q110),"") -> 0.50350731 | S110: =COUNT(D110:Q110) -> 14
A111: 경기 | B111: 수원시권선구 | C111: 경기 수원시권선구 | D111: =원천데이터!G105 -> 0.51137738 | E111: =원천데이터!G369 -> 0.50374014 | F111: =원천데이터!G633 -> 0.49775889 | G111: =원천데이터!G900 -> 0.5035898 | H111: =원천데이터!G1168 -> 0.50498476 | I111: =원천데이터!G1434 -> 0.50372657 | J111: =원천데이터!G1700 -> 0.50132479 | K111: =원천데이터!G1966 -> 0.50071601 | L111: =원천데이터!G2232 -> 0.49483193 | M111: =원천데이터!G2498 -> 0.49328253 | N111: =원천데이터!G2764 -> 0.49621474 | O111: =원천데이터!G3030 -> 0.48803238 | P111: =원천데이터!G3297 -> 0.48635253 | Q111: =원천데이터!G3565 -> 0.48653462 | R111: =IFERROR(AVERAGE(D111:Q111),"") -> 0.49803336 | S111: =COUNT(D111:Q111) -> 14
A112: 경기 | B112: 수원시영통구 | C112: 경기 수원시영통구 | D112: =원천데이터!G106 -> 0.44942969 | E112: =원천데이터!G370 -> 0.46567274 | F112: =원천데이터!G634 -> 0.46563134 | G112: =원천데이터!G901 -> 0.46845089 | H112: =원천데이터!G1169 -> 0.46751583 | I112: =원천데이터!G1435 -> 0.4703267 | J112: =원천데이터!G1701 -> 0.46991947 | K112: =원천데이터!G1967 -> 0.47026788 | L112: =원천데이터!G2233 -> 0.47265159 | M112: =원천데이터!G2499 -> 0.46413801 | N112: =원천데이터!G2765 -> 0.46797139 | O112: =원천데이터!G3031 -> 0.46667016 | P112: =원천데이터!G3298 -> 0.46153397 | Q112: =원천데이터!G3566 -> 0.45985722 | R112: =IFERROR(AVERAGE(D112:Q112),"") -> 0.46571692 | S112: =COUNT(D112:Q112) -> 14
A113: 경기 | B113: 수원시장안구 | C113: 경기 수원시장안구 | D113: =원천데이터!G107 -> 0.44960342 | E113: =원천데이터!G371 -> 0.44880422 | F113: =원천데이터!G635 -> 0.45355175 | G113: =원천데이터!G902 -> 0.45315853 | H113: =원천데이터!G1170 -> 0.45572153 | I113: =원천데이터!G1436 -> 0.45771473 | J113: =원천데이터!G1702 -> 0.45795323 | K113: =원천데이터!G1968 -> 0.45758954 | L113: =원천데이터!G2234 -> 0.45938735 | M113: =원천데이터!G2500 -> 0.4562486 | N113: =원천데이터!G2766 -> 0.46531166 | O113: =원천데이터!G3032 -> 0.46445096 | P113: =원천데이터!G3299 -> 0.46621973 | Q113: =원천데이터!G3567 -> 0.46382072 | R113: =IFERROR(AVERAGE(D113:Q113),"") -> 0.457824 | S113: =COUNT(D113:Q113) -> 14
A114: 경기 | B114: 수원시팔달구 | C114: 경기 수원시팔달구 | D114: =원천데이터!G108 -> 0.4909969 | E114: =원천데이터!G372 -> 0.48493457 | F114: =원천데이터!G636 -> 0.48499172 | G114: =원천데이터!G903 -> 0.48683219 | H114: =원천데이터!G1171 -> 0.48521877 | I114: =원천데이터!G1437 -> 0.4859924 | J114: =원천데이터!G1703 -> 0.48494941 | K114: =원천데이터!G1969 -> 0.48775033 | L114: =원천데이터!G2235 -> 0.48813708 | M114: =원천데이터!G2501 -> 0.48759565 | N114: =원천데이터!G2767 -> 0.49039904 | O114: =원천데이터!G3033 -> 0.49451782 | P114: =원천데이터!G3300 -> 0.49137076 | Q114: =원천데이터!G3568 -> 0.48517328 | R114: =IFERROR(AVERAGE(D114:Q114),"") -> 0.48777571 | S114: =COUNT(D114:Q114) -> 14
A115: 경기 | B115: 시흥시 | C115: 경기 시흥시 | D115: =원천데이터!G109 -> 0.39648831 | E115: =원천데이터!G373 -> 0.39250588 | F115: =원천데이터!G637 -> 0.39708364 | G115: =원천데이터!G904 -> 0.40031804 | H115: =원천데이터!G1172 -> 0.40543072 | I115: =원천데이터!G1438 -> 0.41376456 | J115: =원천데이터!G1704 -> 0.41964873 | K115: =원천데이터!G1970 -> 0.42272834 | L115: =원천데이터!G2236 -> 0.42456527 | M115: =원천데이터!G2502 -> 0.41794869 | N115: =원천데이터!G2768 -> 0.40997824 | O115: =원천데이터!G3034 -> 0.40703765 | P115: =원천데이터!G3301 -> 0.40939703 | Q115: =원천데이터!G3569 -> 0.40416774 | R115: =IFERROR(AVERAGE(D115:Q115),"") -> 0.40864735 | S115: =COUNT(D115:Q115) -> 14
A116: 경기 | B116: 안산시단원구 | C116: 경기 안산시단원구 | D116: =원천데이터!G110 -> 0.36351024 | E116: =원천데이터!G374 -> 0.35736563 | F116: =원천데이터!G638 -> 0.35787148 | G116: =원천데이터!G905 -> 0.3620566 | H116: =원천데이터!G1173 -> 0.36233835 | I116: =원천데이터!G1439 -> 0.37090604 | J116: =원천데이터!G1705 -> 0.37026877 | K116: =원천데이터!G1971 -> 0.37485422 | L116: =원천데이터!G2237 -> 0.37798498 | M116: =원천데이터!G2503 -> 0.37324753 | N116: =원천데이터!G2769 -> 0.38380635 | O116: =원천데이터!G3035 -> 0.39996985 | P116: =원천데이터!G3302 -> 0.39189014 | Q116: =원천데이터!G3570 -> 0.38756723 | R116: =IFERROR(AVERAGE(D116:Q116),"") -> 0.37383124 | S116: =COUNT(D116:Q116) -> 14
A117: 경기 | B117: 안산시상록구 | C117: 경기 안산시상록구 | D117: =원천데이터!G111 -> 0.46785753 | E117: =원천데이터!G375 -> 0.46451738 | F117: =원천데이터!G639 -> 0.47077568 | G117: =원천데이터!G906 -> 0.47692338 | H117: =원천데이터!G1174 -> 0.48219042 | I117: =원천데이터!G1440 -> 0.47181555 | J117: =원천데이터!G1706 -> 0.47317569 | K117: =원천데이터!G1972 -> 0.47526542 | L117: =원천데이터!G2238 -> 0.48310547 | M117: =원천데이터!G2504 -> 0.4945937 | N117: =원천데이터!G2770 -> 0.49807353 | O117: =원천데이터!G3036 -> 0.48751519 | P117: =원천데이터!G3303 -> 0.48889949 | Q117: =원천데이터!G3571 -> 0.48906612 | R117: =IFERROR(AVERAGE(D117:Q117),"") -> 0.48026961 | S117: =COUNT(D117:Q117) -> 14
A118: 경기 | B118: 안성시 | C118: 경기 안성시 | D118: =원천데이터!G112 -> 0.40825721 | E118: =원천데이터!G376 -> 0.40748787 | F118: =원천데이터!G640 -> 0.40747293 | G118: =원천데이터!G907 -> 0.41340543 | H118: =원천데이터!G1175 -> 0.41488843 | I118: =원천데이터!G1441 -> 0.42199745 | J118: =원천데이터!G1707 -> 0.42573537 | K118: =원천데이터!G1973 -> 0.42630985 | L118: =원천데이터!G2239 -> 0.42832573 | M118: =원천데이터!G2505 -> 0.42708423 | N118: =원천데이터!G2771 -> 0.44278436 | O118: =원천데이터!G3037 -> 0.43482169 | P118: =원천데이터!G3304 -> 0.43243644 | Q118: =원천데이터!G3572 -> 0.43777435 | R118: =IFERROR(AVERAGE(D118:Q118),"") -> 0.42348438 | S118: =COUNT(D118:Q118) -> 14
A119: 경기 | B119: 안양시동안구 | C119: 경기 안양시동안구 | D119: =원천데이터!G113 -> 0.42497665 | E119: =원천데이터!G377 -> 0.42298482 | F119: =원천데이터!G641 -> 0.42149503 | G119: =원천데이터!G908 -> 0.42187984 | H119: =원천데이터!G1176 -> 0.42068538 | I119: =원천데이터!G1442 -> 0.42206543 | J119: =원천데이터!G1708 -> 0.42054742 | K119: =원천데이터!G1974 -> 0.42008608 | L119: =원천데이터!G2240 -> 0.42503061 | M119: =원천데이터!G2506 -> 0.41291189 | N119: =원천데이터!G2772 -> 0.41957414 | O119: =원천데이터!G3038 -> 0.42838895 | P119: =원천데이터!G3305 -> 0.42700737 | Q119: =원천데이터!G3573 -> 0.43245406 | R119: =IFERROR(AVERAGE(D119:Q119),"") -> 0.42286341 | S119: =COUNT(D119:Q119) -> 14
... A122: 경기 | B122: 양평군 | C122: 경기 양평군 | D122: =원천데이터!G116 -> 0.46445257 | E122: =원천데이터!G380 -> 0.46606364 | F122: =원천데이터!G644 -> 0.46725894 | G122: =원천데이터!G911 -> 0.46586683 | H122: =원천데이터!G1179 -> 0.46915575 | I122: =원천데이터!G1445 -> 0.47262834 | J122: =원천데이터!G1711 -> 0.47483523 | K122: =원천데이터!G1977 -> 0.47453449 | L122: =원천데이터!G2243 -> 0.47858155 | M122: =원천데이터!G2509 -> 0.47493729 | N122: =원천데이터!G2775 -> 0.48217432 | O122: =원천데이터!G3041 -> 0.4780081 | P122: =원천데이터!G3308 -> 0.4841328 | Q122: =원천데이터!G3576 -> 0.48362217 | R122: =IFERROR(AVERAGE(D122:Q122),"") -> 0.474018 | S122: =COUNT(D122:Q122) -> 14
A123: 경기 | B123: 여주군 | C123: 경기 여주군 | D123: =원천데이터!G117 -> 0.43075105 | E123: =원천데이터!G381 -> 0.43095113 | R123: =IFERROR(AVERAGE(D123:Q123),"") -> 0.43085109 | S123: =COUNT(D123:Q123) -> 2
A124: 경기 | B124: 여주시 | C124: 경기 여주시 | F124: =원천데이터!G645 -> 0.43327338 | G124: =원천데이터!G912 -> 0.44989311 | H124: =원천데이터!G1180 -> 0.4371649 | I124: =원천데이터!G1446 -> 0.44494155 | J124: =원천데이터!G1712 -> 0.4416784 | K124: =원천데이터!G1978 -> 0.44308121 | L124: =원천데이터!G2244 -> 0.44569057 | M124: =원천데이터!G2510 -> 0.440172 | N124: =원천데이터!G2776 -> 0.44495947 | O124: =원천데이터!G3042 -> 0.44596834 | P124: =원천데이터!G3309 -> 0.45292434 | Q124: =원천데이터!G3577 -> 0.45488045 | R124: =IFERROR(AVERAGE(D124:Q124),"") -> 0.44455231 | S124: =COUNT(D124:Q124) -> 12
A125: 경기 | B125: 연천군 | C125: 경기 연천군 | D125: =원천데이터!G118 -> 0.47825256 | E125: =원천데이터!G382 -> 0.48539662 | F125: =원천데이터!G646 -> 0.49020405 | G125: =원천데이터!G913 -> 0.50307162 | H125: =원천데이터!G1181 -> 0.50237497 | I125: =원천데이터!G1447 -> 0.50435591 | J125: =원천데이터!G1713 -> 0.50641927 | K125: =원천데이터!G1979 -> 0.50747958 | L125: =원천데이터!G2245 -> 0.51076979 | M125: =원천데이터!G2511 -> 0.49830027 | N125: =원천데이터!G2777 -> 0.49753282 | O125: =원천데이터!G3043 -> 0.50560233 | P125: =원천데이터!G3310 -> 0.50172291 | Q125: =원천데이터!G3578 -> 0.4985777 | R125: =IFERROR(AVERAGE(D125:Q125),"") -> 0.49929003 | S125: =COUNT(D125:Q125) -> 14
A126: 경기 | B126: 오산시 | C126: 경기 오산시 | D126: =원천데이터!G119 -> 0.41858366 | E126: =원천데이터!G383 -> 0.40977311 | F126: =원천데이터!G647 -> 0.41380368 | G126: =원천데이터!G914 -> 0.41155975 | H126: =원천데이터!G1182 -> 0.41232025 | I126: =원천데이터!G1448 -> 0.41301136 | J126: =원천데이터!G1714 -> 0.42062089 | K126: =원천데이터!G1980 -> 0.41588706 | L126: =원천데이터!G2246 -> 0.41940404 | M126: =원천데이터!G2512 -> 0.41339244 | N126: =원천데이터!G2778 -> 0.42341038 | O126: =원천데이터!G3044 -> 0.41974208 | P126: =원천데이터!G3311 -> 0.42108073 | Q126: =원천데이터!G3579 -> 0.43050459 | R126: =IFERROR(AVERAGE(D126:Q126),"") -> 0.41736386 | S126: =COUNT(D126:Q126) -> 14
A127: 경기 | B127: 용인시 | C127: 경기 용인시 | D127: =원천데이터!G120 -> 0.44666138 | E127: =원천데이터!G384 -> 0.44349486 | R127: =IFERROR(AVERAGE(D127:Q127),"") -> 0.44507812 | S127: =COUNT(D127:Q127) -> 2
A128: 경기 | B128: 용인시기흥구 | C128: 경기 용인시기흥구 | F128: =원천데이터!G648 -> 0.4855697 | G128: =원천데이터!G915 -> 0.48814694 | H128: =원천데이터!G1183 -> 0.49005711 | I128: =원천데이터!G1449 -> 0.48871368 | J128: =원천데이터!G1715 -> 0.48840029 | K128: =원천데이터!G1981 -> 0.49235008 | L128: =원천데이터!G2247 -> 0.49502447 | M128: =원천데이터!G2513 -> 0.48342057 | N128: =원천데이터!G2779 -> 0.47957699 | O128: =원천데이터!G3045 -> 0.4739539 | P128: =원천데이터!G3312 -> 0.47543932 | Q128: =원천데이터!G3580 -> 0.47814691 | R128: =IFERROR(AVERAGE(D128:Q128),"") -> 0.4849 | S128: =COUNT(D128:Q128) -> 12
A129: 경기 | B129: 용인시수지구 | C129: 경기 용인시수지구 | F129: =원천데이터!G649 -> 0.49939383 | G129: =원천데이터!G916 -> 0.49807399 | H129: =원천데이터!G1184 -> 0.49890654 | I129: =원천데이터!G1450 -> 0.49686188 | J129: =원천데이터!G1716 -> 0.49719466 | K129: =원천데이터!G1982 -> 0.49680304 | L129: =원천데이터!G2248 -> 0.49682463 | M129: =원천데이터!G2514 -> 0.49468213 | N129: =원천데이터!G2780 -> 0.49496803 | O129: =원천데이터!G3046 -> 0.48875943 | P129: =원천데이터!G3313 -> 0.49059084 | Q129: =원천데이터!G3581 -> 0.49220389 | R129: =IFERROR(AVERAGE(D129:Q129),"") -> 0.49543857 | S129: =COUNT(D129:Q129) -> 12
A130: 경기 | B130: 용인시처인구 | C130: 경기 용인시처인구 | F130: =원천데이터!G650 -> 0.40955009 | G130: =원천데이터!G917 -> 0.4206534 | H130: =원천데이터!G1185 -> 0.42494847 | I130: =원천데이터!G1451 -> 0.42920314 | J130: =원천데이터!G1717 -> 0.43243579 | K130: =원천데이터!G1983 -> 0.440561 | L130: =원천데이터!G2249 -> 0.44159433 | M130: =원천데이터!G2515 -> 0.44669285 | N130: =원천데이터!G2781 -> 0.45440232 | O130: =원천데이터!G3047 -> 0.44814334 | P130: =원천데이터!G3314 -> 0.44999499 | Q130: =원천데이터!G3582 -> 0.45338992 | R130: =IFERROR(AVERAGE(D130:Q130),"") -> 0.4376308 | S130: =COUNT(D130:Q130) -> 12
A131: 경기 | B131: 의왕시 | C131: 경기 의왕시 | D131: =원천데이터!G121 -> 0.53172181 | E131: =원천데이터!G385 -> 0.53830599 | F131: =원천데이터!G651 -> 0.53733439 | G131: =원천데이터!G918 -> 0.53341184 | H131: =원천데이터!G1186 -> 0.53648857 | I131: =원천데이터!G1452 -> 0.54323931 | J131: =원천데이터!G1718 -> 0.54225972 | K131: =원천데이터!G1984 -> 0.54211493 | L131: =원천데이터!G2250 -> 0.55138165 | M131: =원천데이터!G2516 -> 0.55777954 | N131: =원천데이터!G2782 -> 0.55309234 | O131: =원천데이터!G3048 -> 0.52435942 | P131: =원천데이터!G3315 -> 0.53632557 | Q131: =원천데이터!G3583 -> 0.5376743 | R131: =IFERROR(AVERAGE(D131:Q131),"") -> 0.5403921 | S131: =COUNT(D131:Q131) -> 14
A132: 경기 | B132: 의정부시 | C132: 경기 의정부시 | D132: =원천데이터!G122 -> 0.36860355 | E132: =원천데이터!G386 -> 0.36466699 | F132: =원천데이터!G652 -> 0.36332743 | G132: =원천데이터!G919 -> 0.366617 | H132: =원천데이터!G1187 -> 0.36890343 | I132: =원천데이터!G1453 -> 0.37183571 | J132: =원천데이터!G1719 -> 0.37155913 | K132: =원천데이터!G1985 -> 0.37240378 | L132: =원천데이터!G2251 -> 0.37522759 | M132: =원천데이터!G2517 -> 0.37020642 | N132: =원천데이터!G2783 -> 0.36731954 | O132: =원천데이터!G3049 -> 0.37096642 | P132: =원천데이터!G3316 -> 0.37240738 | Q132: =원천데이터!G3584 -> 0.37003832 | R132: =IFERROR(AVERAGE(D132:Q132),"") -> 0.36957733 | S132: =COUNT(D132:Q132) -> 14
A133: 경기 | B133: 이천시 | C133: 경기 이천시 | D133: =원천데이터!G123 -> 0.37381219 | E133: =원천데이터!G387 -> 0.36409756 | F133: =원천데이터!G653 -> 0.36713315 | G133: =원천데이터!G920 -> 0.36623711 | H133: =원천데이터!G1188 -> 0.36849932 | I133: =원천데이터!G1454 -> 0.37531756 | J133: =원천데이터!G1720 -> 0.37842047 | K133: =원천데이터!G1986 -> 0.37543155 | L133: =원천데이터!G2252 -> 0.37402565 | M133: =원천데이터!G2518 -> 0.3621109 | N133: =원천데이터!G2784 -> 0.3731764 | O133: =원천데이터!G3050 -> 0.38281811 | P133: =원천데이터!G3317 -> 0.38455466 | Q133: =원천데이터!G3585 -> 0.38226906 | R133: =IFERROR(AVERAGE(D133:Q133),"") -> 0.37342169 | S133: =COUNT(D133:Q133) -> 14
A134: 경기 | B134: 파주시 | C134: 경기 파주시 | D134: =원천데이터!G124 -> 0.43766714 | E134: =원천데이터!G388 -> 0.42936246 | F134: =원천데이터!G654 -> 0.42286356 | G134: =원천데이터!G921 -> 0.42246475 | H134: =원천데이터!G1189 -> 0.42604966 | I134: =원천데이터!G1455 -> 0.42434826 | J134: =원천데이터!G1721 -> 0.42127276 | K134: =원천데이터!G1987 -> 0.42105626 | L134: =원천데이터!G2253 -> 0.42063582 | M134: =원천데이터!G2519 -> 0.41214075 | N134: =원천데이터!G2785 -> 0.41798603 | O134: =원천데이터!G3051 -> 0.41401154 | P134: =원천데이터!G3318 -> 0.41183321 | Q134: =원천데이터!G3586 -> 0.41194831 | R134: =IFERROR(AVERAGE(D134:Q134),"") -> 0.42097432 | S134: =COUNT(D134:Q134) -> 14
A135: 경기 | B135: 평택시 | C135: 경기 평택시 | D135: =원천데이터!G125 -> 0.34081855 | E135: =원천데이터!G389 -> 0.339044 | F135: =원천데이터!G655 -> 0.34123558 | G135: =원천데이터!G922 -> 0.34822802 | H135: =원천데이터!G1190 -> 0.35367463 | I135: =원천데이터!G1456 -> 0.35591023 | J135: =원천데이터!G1722 -> 0.35746509 | K135: =원천데이터!G1988 -> 0.36075077 | L135: =원천데이터!G2254 -> 0.36284694 | M135: =원천데이터!G2520 -> 0.35845503 | N135: =원천데이터!G2786 -> 0.35385503 | O135: =원천데이터!G3052 -> 0.36246798 | P135: =원천데이터!G3319 -> 0.3654901 | Q135: =원천데이터!G3587 -> 0.36076381 | R135: =IFERROR(AVERAGE(D135:Q135),"") -> 0.35435755 | S135: =COUNT(D135:Q135) -> 14
A136: 경기 | B136: 포천시 | C136: 경기 포천시 | D136: =원천데이터!G126 -> 0.4098235 | E136: =원천데이터!G390 -> 0.41288815 | F136: =원천데이터!G656 -> 0.40902726 | G136: =원천데이터!G923 -> 0.41416963 | H136: =원천데이터!G1191 -> 0.41952919 | I136: =원천데이터!G1457 -> 0.42412881 | J136: =원천데이터!G1723 -> 0.42568298 | K136: =원천데이터!G1989 -> 0.42702469 | L136: =원천데이터!G2255 -> 0.42754737 | M136: =원천데이터!G2521 -> 0.42209365 | N136: =원천데이터!G2787 -> 0.43350808 | O136: =원천데이터!G3053 -> 0.4316743 | P136: =원천데이터!G3320 -> 0.43582686 | Q136: =원천데이터!G3588 -> 0.43453368 | R136: =IFERROR(AVERAGE(D136:Q136),"") -> 0.42338987 | S136: =COUNT(D136:Q136) -> 14
A137: 경기 | B137: 하남시 | C137: 경기 하남시 | D137: =원천데이터!G127 -> 0.4655768 | E137: =원천데이터!G391 -> 0.46199885 | F137: =원천데이터!G657 -> 0.46573042 | G137: =원천데이터!G924 -> 0.47226883 | H137: =원천데이터!G1192 -> 0.49821696 | I137: =원천데이터!G1458 -> 0.53489759 | J137: =원천데이터!G1724 -> 0.51865579 | K137: =원천데이터!G1990 -> 0.5145948 | L137: =원천데이터!G2256 -> 0.50551517 | M137: =원천데이터!G2522 -> 0.49814577 | N137: =원천데이터!G2788 -> 0.49863443 | O137: =원천데이터!G3054 -> 0.47706504 | P137: =원천데이터!G3321 -> 0.47629757 | Q137: =원천데이터!G3589 -> 0.47106805 | R137: =IFERROR(AVERAGE(D137:Q137),"") -> 0.48990472 | S137: =COUNT(D137:Q137) -> 14
A138: 경기 | B138: 화성시 | C138: 경기 화성시 | D138: =원천데이터!G128 -> 0.45132609 | E138: =원천데이터!G392 -> 0.43709193 | F138: =원천데이터!G658 -> 0.42797912 | G138: =원천데이터!G925 -> 0.42602054 | H138: =원천데이터!G1193 -> 0.43866787 | I138: =원천데이터!G1459 -> 0.43510151 | J138: =원천데이터!G1725 -> 0.43545271 | K138: =원천데이터!G1991 -> 0.4393599 | L138: =원천데이터!G2257 -> 0.43704686 | M138: =원천데이터!G2523 -> 0.41976662 | N138: =원천데이터!G2789 -> 0.42210777 | O138: =원천데이터!G3055 -> 0.42085648 | P138: =원천데이터!G3322 -> 0.42327666 | Q138: =원천데이터!G3590 -> 0.41857962 | R138: =IFERROR(AVERAGE(D138:Q138),"") -> 0.43090241 | S138: =COUNT(D138:Q138) -> 14
A139: 강원 | B139: 전체 | C139: 강원 | D139: =원천데이터!G129 -> 0.22380657 | E139: =원천데이터!G393 -> 0.22809789 | F139: =원천데이터!G659 -> 0.2320192 | G139: =원천데이터!G926 -> 0.23653463 | H139: =원천데이터!G1194 -> 0.23866921 | I139: =원천데이터!G1460 -> 0.24291335 | J139: =원천데이터!G1726 -> 0.24558332 | K139: =원천데이터!G1992 -> 0.24641632 | L139: =원천데이터!G2258 -> 0.24990405 | M139: =원천데이터!G2524 -> 0.23148609 | N139: =원천데이터!G2790 -> 0.23610763 | O139: =원천데이터!G3056 -> 0.24896966 | P139: =원천데이터!G3323 -> 0.25466926 | Q139: =원천데이터!G3591 -> 0.2551805 | R139: =IFERROR(AVERAGE(D139:Q139),"") -> 0.24073984 | S139: =COUNT(D139:Q139) -> 14
A140: 강원 | B140: 강릉시 | C140: 강원 강릉시 | D140: =원천데이터!G130 -> 0.22302023 | E140: =원천데이터!G394 -> 0.2288748 | F140: =원천데이터!G660 -> 0.23026041 | G140: =원천데이터!G927 -> 0.23124514 | H140: =원천데이터!G1195 -> 0.23252632 | I140: =원천데이터!G1461 -> 0.23435846 | J140: =원천데이터!G1727 -> 0.23522143 | K140: =원천데이터!G1993 -> 0.23680615 | L140: =원천데이터!G2259 -> 0.23978828 | M140: =원천데이터!G2525 -> 0.21745281 | N140: =원천데이터!G2791 -> 0.21922984 | O140: =원천데이터!G3057 -> 0.2355122 | P140: =원천데이터!G3324 -> 0.23843509 | Q140: =원천데이터!G3592 -> 0.23836824 | R140: =IFERROR(AVERAGE(D140:Q140),"") -> 0.2315071 | S140: =COUNT(D140:Q140) -> 14
A141: 강원 | B141: 고성군 | C141: 강원 고성군 | D141: =원천데이터!G131 -> 0.57387731 | E141: =원천데이터!G395 -> 0.57936697 | F141: =원천데이터!G661 -> 0.58367961 | G141: =원천데이터!G928 -> 0.59036462 | H141: =원천데이터!G1196 -> 0.59590051 | I141: =원천데이터!G1462 -> 0.60197511 | J141: =원천데이터!G1728 -> 0.60508351 | K141: =원천데이터!G1994 -> 0.59783072 | L141: =원천데이터!G2260 -> 0.59952843 | M141: =원천데이터!G2526 -> 0.59719337 | N141: =원천데이터!G2792 -> 0.61459927 | O141: =원천데이터!G3058 -> 0.58408197 | P141: =원천데이터!G3325 -> 0.59247977 | Q141: =원천데이터!G3593 -> 0.59267593 | R141: =IFERROR(AVERAGE(D141:Q141),"") -> 0.59347408 | S141: =COUNT(D141:Q141) -> 14
A142: 강원 | B142: 동해시 | C142: 강원 동해시 | D142: =원천데이터!G132 -> 0.34504894 | E142: =원천데이터!G396 -> 0.33589634 | F142: =원천데이터!G662 -> 0.33937672 | G142: =원천데이터!G929 -> 0.3478372 | H142: =원천데이터!G1197 -> 0.34336704 | I142: =원천데이터!G1463 -> 0.3484995 | J142: =원천데이터!G1729 -> 0.3607975 | K142: =원천데이터!G1995 -> 0.35685542 | L142: =원천데이터!G2261 -> 0.36529848 | M142: =원천데이터!G2527 -> 0.35971798 | N142: =원천데이터!G2793 -> 0.36234158 | O142: =원천데이터!G3059 -> 0.36968842 | P142: =원천데이터!G3326 -> 0.37518201 | Q142: =원천데이터!G3594 -> 0.37382865 | R142: =IFERROR(AVERAGE(D142:Q142),"") -> 0.35598113 | S142: =COUNT(D142:Q142) -> 14
... A167: 충북 | B167: 진천군 | C167: 충북 진천군 | D167: =원천데이터!G157 -> 0.43076568 | E167: =원천데이터!G421 -> 0.43086723 | F167: =원천데이터!G687 -> 0.42788733 | G167: =원천데이터!G954 -> 0.43885387 | H167: =원천데이터!G1222 -> 0.44262814 | I167: =원천데이터!G1488 -> 0.44898677 | J167: =원천데이터!G1754 -> 0.46212897 | K167: =원천데이터!G2020 -> 0.46529955 | L167: =원천데이터!G2286 -> 0.46497631 | M167: =원천데이터!G2552 -> 0.45714668 | N167: =원천데이터!G2818 -> 0.45637154 | O167: =원천데이터!G3084 -> 0.45943263 | P167: =원천데이터!G3351 -> 0.46402211 | Q167: =원천데이터!G3619 -> 0.46383966 | R167: =IFERROR(AVERAGE(D167:Q167),"") -> 0.45094332 | S167: =COUNT(D167:Q167) -> 14
A168: 충북 | B168: 청원군 | C168: 충북 청원군 | D168: =원천데이터!G158 -> 0.57969858 | E168: =원천데이터!G422 -> 0.56306079 | F168: =원천데이터!G688 -> 0.55592901 | R168: =IFERROR(AVERAGE(D168:Q168),"") -> 0.56622946 | S168: =COUNT(D168:Q168) -> 3
A169: 충북 | B169: 청주시상당구 | C169: 충북 청주시상당구 | D169: =원천데이터!G159 -> 0.4021048 | E169: =원천데이터!G423 -> 0.3946749 | F169: =원천데이터!G689 -> 0.40366899 | G169: =원천데이터!G955 -> 0.434753 | H169: =원천데이터!G1223 -> 0.43642579 | I169: =원천데이터!G1489 -> 0.43848048 | J169: =원천데이터!G1755 -> 0.4432624 | K169: =원천데이터!G2021 -> 0.45139842 | L169: =원천데이터!G2287 -> 0.45717045 | M169: =원천데이터!G2553 -> 0.4595591 | N169: =원천데이터!G2819 -> 0.45444761 | O169: =원천데이터!G3085 -> 0.45418434 | P169: =원천데이터!G3352 -> 0.45223732 | Q169: =원천데이터!G3620 -> 0.4476772 | R169: =IFERROR(AVERAGE(D169:Q169),"") -> 0.43786034 | S169: =COUNT(D169:Q169) -> 14
...

Sheet 시도 요약
A1: 시도별 관외 유출률 요약
A3: 연도별 유출률과 2011~2024 평균. 행정구역 신설·통폐합으로 없는 연도는 빈칸이며 평균은 값이 존재하는 연도만 사용.
A5: 시도 | B5: 시군구 | C5: 지역명 | D5: 2011 | E5: 2012 | F5: 2013 | G5: 2014 | H5: 2015 | I5: 2016 | J5: 2017 | K5: 2018 | L5: 2019 | M5: 2020 | N5: 2021 | O5: 2022 | P5: 2023 | Q5: 2024 | R5: 2011~2024 평균 | S5: 관측연도 수
A6: 서울 | B6: 전체 | C6: 서울 | D6: =원천데이터!G6 -> 0.19331733 | E6: =원천데이터!G269 -> 0.19325337 | F6: =원천데이터!G532 -> 0.19393007 | G6: =원천데이터!G799 -> 0.19680529 | H6: =원천데이터!G1067 -> 0.1964465 | I6: =원천데이터!G1335 -> 0.1984181 | J6: =원천데이터!G1601 -> 0.19922236 | K6: =원천데이터!G1867 -> 0.19950336 | L6: =원천데이터!G2133 -> 0.20066118 | M6: =원천데이터!G2399 -> 0.19028605 | N6: =원천데이터!G2665 -> 0.19502784 | O6: =원천데이터!G2931 -> 0.21425469 | P6: =원천데이터!G3197 -> 0.21190936 | Q6: =원천데이터!G3463 -> 0.21071362 | R6: =IFERROR(AVERAGE(D6:Q6),"") -> 0.19955351 | S6: =COUNT(D6:Q6) -> 14
A7: 부산 | B7: 전체 | C7: 부산 | D7: =원천데이터!G32 -> 0.16627548 | E7: =원천데이터!G295 -> 0.16776914 | F7: =원천데이터!G558 -> 0.16864627 | G7: =원천데이터!G825 -> 0.17091559 | H7: =원천데이터!G1093 -> 0.17051812 | I7: =원천데이터!G1361 -> 0.17360283 | J7: =원천데이터!G1627 -> 0.17425843 | K7: =원천데이터!G1893 -> 0.17346041 | L7: =원천데이터!G2159 -> 0.17283885 | M7: =원천데이터!G2425 -> 0.15876958 | N7: =원천데이터!G2691 -> 0.16238657 | O7: =원천데이터!G2957 -> 0.17867871 | P7: =원천데이터!G3223 -> 0.17842422 | Q7: =원천데이터!G3489 -> 0.17342271 | R7: =IFERROR(AVERAGE(D7:Q7),"") -> 0.17071192 | S7: =COUNT(D7:Q7) -> 14
A8: 대구 | B8: 전체 | C8: 대구 | D8: =원천데이터!G49 -> 0.16524839 | E8: =원천데이터!G312 -> 0.16299644 | F8: =원천데이터!G575 -> 0.16263103 | G8: =원천데이터!G842 -> 0.16424244 | H8: =원천데이터!G1110 -> 0.16583886 | I8: =원천데이터!G1378 -> 0.16668544 | J8: =원천데이터!G1644 -> 0.16584858 | K8: =원천데이터!G1910 -> 0.16693081 | L8: =원천데이터!G2176 -> 0.16726686 | M8: =원천데이터!G2442 -> 0.15180972 | N8: =원천데이터!G2708 -> 0.1489993 | O8: =원천데이터!G2974 -> 0.16873644 | P8: =원천데이터!G3240 -> 0.17115852 | Q8: =원천데이터!G3506 -> 0.16933092 | R8: =IFERROR(AVERAGE(D8:Q8),"") -> 0.16412312 | S8: =COUNT(D8:Q8) -> 14
A9: 인천 | B9: 전체 | C9: 인천 | D9: =원천데이터!G58 -> 0.27709256 | E9: =원천데이터!G321 -> 0.27381841 | F9: =원천데이터!G584 -> 0.27725808 | G9: =원천데이터!G851 -> 0.27889404 | H9: =원천데이터!G1119 -> 0.27742824 | I9: =원천데이터!G1387 -> 0.28008279 | J9: =원천데이터!G1653 -> 0.28082562 | K9: =원천데이터!G1919 -> 0.27764405 | L9: =원천데이터!G2185 -> 0.27918229 | M9: =원천데이터!G2451 -> 0.26458103 | N9: =원천데이터!G2717 -> 0.26997967 | O9: =원천데이터!G2983 -> 0.28569433 | P9: =원천데이터!G3250 -> 0.28666501 | Q9: =원천데이터!G3516 -> 0.28393986 | R9: =IFERROR(AVERAGE(D9:Q9),"") -> 0.27807757 | S9: =COUNT(D9:Q9) -> 14
A10: 광주 | B10: 전체 | C10: 광주 | D10: =원천데이터!G69 -> 0.19447265 | E10: =원천데이터!G332 -> 0.19269178 | F10: =원천데이터!G595 -> 0.1908819 | G10: =원천데이터!G862 -> 0.19169649 | H10: =원천데이터!G1130 -> 0.19525713 | I10: =원천데이터!G1398 -> 0.19335519 | J10: =원천데이터!G1664 -> 0.19396602 | K10: =원천데이터!G1930 -> 0.19117724 | L10: =원천데이터!G2196 -> 0.19261348 | M10: =원천데이터!G2462 -> 0.17942476 | N10: =원천데이터!G2728 -> 0.17840692 | O10: =원천데이터!G2994 -> 0.19685287 | P10: =원천데이터!G3261 -> 0.19848958 | Q10: =원천데이터!G3527 -> 0.19523027 | R10: =IFERROR(AVERAGE(D10:Q10),"") -> 0.19175116 | S10: =COUNT(D10:Q10) -> 14
A11: 대전 | B11: 전체 | C11: 대전 | D11: =원천데이터!G75 -> 0.18957219 | E11: =원천데이터!G338 -> 0.18969845 | F11: =원천데이터!G601 -> 0.19022972 | G11: =원천데이터!G868 -> 0.19184461 | H11: =원천데이터!G1136 -> 0.19424726 | I11: =원천데이터!G1404 -> 0.19782711 | J11: =원천데이터!G1670 -> 0.20471157 | K11: =원천데이터!G1936 -> 0.20208869 | L11: =원천데이터!G2202 -> 0.20023929 | M11: =원천데이터!G2468 -> 0.18598465 | N11: =원천데이터!G2734 -> 0.18726673 | O11: =원천데이터!G3000 -> 0.20691363 | P11: =원천데이터!G3267 -> 0.20970254 | Q11: =원천데이터!G3533 -> 0.2091791 | R11: =IFERROR(AVERAGE(D11:Q11),"") -> 0.19710754 | S11: =COUNT(D11:Q11) -> 14
A12: 울산 | B12: 전체 | C12: 울산 | D12: =원천데이터!G81 -> 0.19038178 | E12: =원천데이터!G344 -> 0.19320428 | F12: =원천데이터!G607 -> 0.19368782 | G12: =원천데이터!G874 -> 0.19579612 | H12: =원천데이터!G1142 -> 0.2003099 | I12: =원천데이터!G1410 -> 0.201044 | J12: =원천데이터!G1676 -> 0.20219917 | K12: =원천데이터!G1942 -> 0.20107745 | L12: =원천데이터!G2208 -> 0.20276801 | M12: =원천데이터!G2474 -> 0.18006387 | N12: =원천데이터!G2740 -> 0.18291009 | O12: =원천데이터!G3006 -> 0.19999939 | P12: =원천데이터!G3273 -> 0.20326226 | Q12: =원천데이터!G3539 -> 0.19993816 | R12: =IFERROR(AVERAGE(D12:Q12),"") -> 0.19618874 | S12: =COUNT(D12:Q12) -> 14
A13: 세종 | B13: 전체 | C13: 세종 | E13: =원천데이터!G350 -> 0.50606176 | F13: =원천데이터!G613 -> 0.49747828 | G13: =원천데이터!G880 -> 0.52039158 | H13: =원천데이터!G1148 -> 0.50150675 | I13: =원천데이터!G1416 -> 0.47964156 | J13: =원천데이터!G1682 -> 0.46292927 | K13: =원천데이터!G1948 -> 0.45271063 | L13: =원천데이터!G2214 -> 0.44405596 | M13: =원천데이터!G2480 -> 0.42032459 | N13: =원천데이터!G2746 -> 0.40258852 | O13: =원천데이터!G3012 -> 0.39781144 | P13: =원천데이터!G3279 -> 0.39231409 | Q13: =원천데이터!G3545 -> 0.38600909 | R13: =IFERROR(AVERAGE(D13:Q13),"") -> 0.45106335 | S13: =COUNT(D13:Q13) -> 13
A14: 경기 | B14: 전체 | C14: 경기 | D14: =원천데이터!G87 -> 0.27093806 | E14: =원천데이터!G351 -> 0.27205805 | F14: =원천데이터!G614 -> 0.27283754 | G14: =원천데이터!G881 -> 0.27404922 | H14: =원천데이터!G1149 -> 0.27524958 | I14: =원천데이터!G1417 -> 0.2794813 | J14: =원천데이터!G1683 -> 0.27944173 | K14: =원천데이터!G1949 -> 0.28076258 | L14: =원천데이터!G2215 -> 0.28233497 | M14: =원천데이터!G2481 -> 0.26951293 | N14: =원천데이터!G2747 -> 0.27189519 | O14: =원천데이터!G3013 -> 0.28234645 | P14: =원천데이터!G3280 -> 0.28235482 | Q14: =원천데이터!G3546 -> 0.2789538 | R14: =IFERROR(AVERAGE(D14:Q14),"") -> 0.27658687 | S14: =COUNT(D14:Q14) -> 14
A15: 강원 | B15: 전체 | C15: 강원 | D15: =원천데이터!G129 -> 0.22380657 | E15: =원천데이터!G393 -> 0.22809789 | F15: =원천데이터!G659 -> 0.2320192 | G15: =원천데이터!G926 -> 0.23653463 | H15: =원천데이터!G1194 -> 0.23866921 | I15: =원천데이터!G1460 -> 0.24291335 | J15: =원천데이터!G1726 -> 0.24558332 | K15: =원천데이터!G1992 -> 0.24641632 | L15: =원천데이터!G2258 -> 0.24990405 | M15: =원천데이터!G2524 -> 0.23148609 | N15: =원천데이터!G2790 -> 0.23610763 | O15: =원천데이터!G3056 -> 0.24896966 | P15: =원천데이터!G3323 -> 0.25466926 | Q15: =원천데이터!G3591 -> 0.2551805 | R15: =IFERROR(AVERAGE(D15:Q15),"") -> 0.24073984 | S15: =COUNT(D15:Q15) -> 14
A16: 충북 | B16: 전체 | C16: 충북 | D16: =원천데이터!G148 -> 0.24273013 | E16: =원천데이터!G412 -> 0.24211255 | F16: =원천데이터!G678 -> 0.24356839 | G16: =원천데이터!G945 -> 0.24695927 | H16: =원천데이터!G1213 -> 0.24797445 | I16: =원천데이터!G1479 -> 0.25308215 | J16: =원천데이터!G1745 -> 0.25544938 | K16: =원천데이터!G2011 -> 0.25739323 | L16: =원천데이터!G2277 -> 0.25912369 | M16: =원천데이터!G2543 -> 0.24262539 | N16: =원천데이터!G2809 -> 0.24653572 | O16: =원천데이터!G3075 -> 0.2583815 | P16: =원천데이터!G3342 -> 0.26303998 | Q16: =원천데이터!G3610 -> 0.26311168 | R16: =IFERROR(AVERAGE(D16:Q16),"") -> 0.25157768 | S16: =COUNT(D16:Q16) -> 14
A17: 충남 | B17: 전체 | C17: 충남 | D17: =원천데이터!G162 -> 0.30652068 | E17: =원천데이터!G426 -> 0.28813337 | F17: =원천데이터!G692 -> 0.28966221 | G17: =원천데이터!G960 -> 0.29337565 | H17: =원천데이터!G1228 -> 0.29447063 | I17: =원천데이터!G1494 -> 0.30057356 | J17: =원천데이터!G1760 -> 0.30043607 | K17: =원천데이터!G2026 -> 0.30095423 | L17: =원천데이터!G2292 -> 0.30093729 | M17: =원천데이터!G2558 -> 0.28442337 | N17: =원천데이터!G2824 -> 0.29006906 | O17: =원천데이터!G3090 -> 0.30056752 | P17: =원천데이터!G3357 -> 0.30258243 | Q17: =원천데이터!G3625 -> 0.30033094 | R17: =IFERROR(AVERAGE(D17:Q17),"") -> 0.2966455 | S17: =COUNT(D17:Q17) -> 14
A18: 전북 | B18: 전체 | C18: 전북 | D18: =원천데이터!G179 -> 0.17997295 | E18: =원천데이터!G442 -> 0.18286157 | F18: =원천데이터!G709 -> 0.18487976 | G18: =원천데이터!G977 -> 0.18808318 | H18: =원천데이터!G1245 -> 0.18919158 | I18: =원천데이터!G1511 -> 0.19342169 | J18: =원천데이터!G1777 -> 0.1951863 | K18: =원천데이터!G2043 -> 0.19605227 | L18: =원천데이터!G2309 -> 0.19719987 | M18: =원천데이터!G2575 -> 0.17792125 | N18: =원천데이터!G2841 -> 0.17972977 | O18: =원천데이터!G3107 -> 0.19398874 | P18: =원천데이터!G3374 -> 0.19799841 | Q18: =원천데이터!G3642 -> 0.19645144 | R18: =IFERROR(AVERAGE(D18:Q18),"") -> 0.18949563 | S18: =COUNT(D18:Q18) -> 14
A19: 전남 | B19: 전체 | C19: 전남 | D19: =원천데이터!G195 -> 0.29547312 | E19: =원천데이터!G458 -> 0.29791225 | F19: =원천데이터!G725 -> 0.303954 | G19: =원천데이터!G993 -> 0.30757612 | H19: =원천데이터!G1261 -> 0.3114894 | I19: =원천데이터!G1527 -> 0.31576796 | J19: =원천데이터!G1793 -> 0.3181955 | K19: =원천데이터!G2059 -> 0.31970252 | L19: =원천데이터!G2325 -> 0.32163034 | M19: =원천데이터!G2591 -> 0.29897231 | N19: =원천데이터!G2857 -> 0.30112417 | O19: =원천데이터!G3123 -> 0.31059926 | P19: =원천데이터!G3390 -> 0.31581961 | Q19: =원천데이터!G3658 -> 0.31397428 | R19: =IFERROR(AVERAGE(D19:Q19),"") -> 0.3094422 | S19: =COUNT(D19:Q19) -> 14
A20: 경북 | B20: 전체 | C20: 경북 | D20: =원천데이터!G218 -> 0.28336056 | E20: =원천데이터!G481 -> 0.2836633 | F20: =원천데이터!G748 -> 0.28837891 | G20: =원천데이터!G1016 -> 0.29284096 | H20: =원천데이터!G1284 -> 0.2953744 | I20: =원천데이터!G1550 -> 0.30017844 | J20: =원천데이터!G1816 -> 0.30425652 | K20: =원천데이터!G2082 -> 0.30735735 | L20: =원천데이터!G2348 -> 0.31185137 | M20: =원천데이터!G2614 -> 0.29696004 | N20: =원천데이터!G2880 -> 0.30287528 | O20: =원천데이터!G3146 -> 0.31140151 | P20: =원천데이터!G3413 -> 0.31667448 | Q20: =원천데이터!G3681 -> 0.31551782 | R20: =IFERROR(AVERAGE(D20:Q20),"") -> 0.30076364 | S20: =COUNT(D20:Q20) -> 14
A21: 경남 | B21: 전체 | C21: 경남 | D21: =원천데이터!G243 -> 0.22138642 | E21: =원천데이터!G506 -> 0.22530718 | F21: =원천데이터!G773 -> 0.22826763 | G21: =원천데이터!G1041 -> 0.23241879 | H21: =원천데이터!G1309 -> 0.23423999 | I21: =원천데이터!G1575 -> 0.23666434 | J21: =원천데이터!G1841 -> 0.23952304 | K21: =원천데이터!G2107 -> 0.24194548 | L21: =원천데이터!G2373 -> 0.24233653 | M21: =원천데이터!G2639 -> 0.22398543 | N21: =원천데이터!G2905 -> 0.22776289 | O21: =원천데이터!G3171 -> 0.23835775 | P21: =원천데이터!G3437 -> 0.24241892 | Q21: =원천데이터!G3705 -> 0.24258162 | R21: =IFERROR(AVERAGE(D21:Q21),"") -> 0.23408543 | S21: =COUNT(D21:Q21) -> 14
A22: 제주 | B22: 전체 | C22: 제주 | D22: =원천데이터!G266 -> 0.13533499 | E22: =원천데이터!G529 -> 0.14168076 | F22: =원천데이터!G796 -> 0.14466963 | G22: =원천데이터!G1064 -> 0.15144644 | H22: =원천데이터!G1332 -> 0.15912965 | I22: =원천데이터!G1598 -> 0.17153866 | J22: =원천데이터!G1864 -> 0.17863234 | K22: =원천데이터!G2130 -> 0.18163366 | L22: =원천데이터!G2396 -> 0.18291447 | M22: =원천데이터!G2662 -> 0.15757908 | N22: =원천데이터!G2928 -> 0.16153176 | O22: =원천데이터!G3194 -> 0.18095043 | P22: =원천데이터!G3460 -> 0.18591007 | Q22: =원천데이터!G3728 -> 0.18400271 | R22: =IFERROR(AVERAGE(D22:Q22),"") -> 0.16549676 | S22: =COUNT(D22:Q22) -> 14

Sheet 원천데이터
A1: 지역별 의료이용 관외 유출률 - 원천데이터
A3: 유출률 = 관외 진료실인원수 / (관내 진료실인원수 + 관외 진료실인원수). 국민건강보험공단 연도별 통계연보의 관내-계·관외-계 시트만 사용.
A5: 연도 | B5: 시도 | C5: 시군구 | D5: 지역명 | E5: 관내 진료실인원수 | F5: 관외 진료실인원수 | G5: 유출률 | H5: 원천파일 | I5: 관내 시트 | J5: 관외 시트 | K5: 출처 URL
A6: 2011 | B6: 서울 | C6: 전체 | D6: 서울 | E6: 8963298 | F6: 2148008 | G6: =IFERROR(F6/(E6+F6),"") -> 0.19331733 | H6: region_04.xls | I6: 110p | J6: 122p | K6: https://www.nhis.or.kr/nhis/together/wbhaec06900m01.do?mode=view&articleNo=106342
A7: 2011 | B7: 서울 | C7: 강남구 | D7: 서울 강남구 | E7: 430738 | F7: 353460 | G7: =IFERROR(F7/(E7+F7),"") -> 0.450728 | H7: region_04.xls | I7: 110p | J7: 122p | K7: https://www.nhis.or.kr/nhis/together/wbhaec06900m01.do?mode=view&articleNo=106342
A8: 2011 | B8: 서울 | C8: 강동구 | D8: 서울 강동구 | E8: 391809 | F8: 261766 | G8: =IFERROR(F8/(E8+F8),"") -> 0.4005141 | H8: region_04.xls | I8: 110p | J8: 122p | K8: https://www.nhis.or.kr/nhis/together/wbhaec06900m01.do?mode=view&articleNo=106342
A9: 2011 | B9: 서울 | C9: 강북구 | D9: 서울 강북구 | E9: 255381 | F9: 226329 | G9: =IFERROR(F9/(E9+F9),"") -> 0.46984493 | H9: region_04.xls | I9: 110p | J9: 122p | K9: https://www.nhis.or.kr/nhis/together/wbhaec06900m01.do?mode=view&articleNo=106342
A10: 2011 | B10: 서울 | C10: 강서구 | D10: 서울 강서구 | E10: 434814 | F10: 359982 | G10: =IFERROR(F10/(E10+F10),"") -> 0.45292377 | H10: region_04.xls | I10: 110p | J10: 122p | K10: https://www.nhis.or.kr/nhis/together/wbhaec06900m01.do?mode=view&articleNo=106342
A11: 2011 | B11: 서울 | C11: 관악구 | D11: 서울 관악구 | E11: 377917 | F11: 352174 | G11: =IFERROR(F11/(E11+F11),"") -> 0.48237001 | H11: region_04.xls | I11: 110p | J11: 122p | K11: https://www.nhis.or.kr/nhis/together/wbhaec06900m01.do?mode=view&articleNo=106342
A12: 2011 | B12: 서울 | C12: 광진구 | D12: 서울 광진구 | E12: 280779 | F12: 229081 | G12: =IFERROR(F12/(E12+F12),"") -> 0.44930177 | H12: region_04.xls | I12: 110p | J12: 122p | K12: https://www.nhis.or.kr/nhis/together/wbhaec06900m01.do?mode=view&articleNo=106342
A13: 2011 | B13: 서울 | C13: 구로구 | D13: 서울 구로구 | E13: 319552 | F13: 279602 | G13: =IFERROR(F13/(E13+F13),"") -> 0.46666133 | H13: region_04.xls | I13: 110p | J13: 122p | K13: https://www.nhis.or.kr/nhis/together/wbhaec06900m01.do?mode=view&articleNo=106342
A14: 2011 | B14: 서울 | C14: 금천구 | D14: 서울 금천구 | E14: 178377 | F14: 160750 | G14: =IFERROR(F14/(E14+F14),"") -> 0.47401121 | H14: region_04.xls | I14: 110p | J14: 122p | K14: https://www.nhis.or.kr/nhis/together/wbhaec06900m01.do?mode=view&articleNo=106342
A15: 2011 | B15: 서울 | C15: 노원구 | D15: 서울 노원구 | E15: 471411 | F15: 342448 | G15: =IFERROR(F15/(E15+F15),"") -> 0.42077067 | H15: region_04.xls | I15: 110p | J15: 122p | K15: https://www.nhis.or.kr/nhis/together/wbhaec06900m01.do?mode=view&articleNo=106342
A16: 2011 | B16: 서울 | C16: 도봉구 | D16: 서울 도봉구 | E16: 272496 | F16: 242693 | G16: =IFERROR(F16/(E16+F16),"") -> 0.47107566 | H16: region_04.xls | I16: 110p | J16: 122p | K16: https://www.nhis.or.kr/nhis/together/wbhaec06900m01.do?mode=view&articleNo=106342
A17: 2011 | B17: 서울 | C17: 동대문구 | D17: 서울 동대문구 | E17: 273410 | F17: 216594 | G17: =IFERROR(F17/(E17+F17),"") -> 0.44202496 | H17: region_04.xls | I17: 110p | J17: 122p | K17: https://www.nhis.or.kr/nhis/together/wbhaec06900m01.do?mode=view&articleNo=106342
... A3730: 2024 | B3730: 제주 | C3730: 제주시 | D3730: 제주 제주시 | E3730: 455724 | F3730: 114646 | G3730: =IFERROR(F3730/(E3730+F3730),"") -> 0.20100286 | H3730: region_04.xlsx | I3730: 404p | J3730: 410p | K3730: https://www.nhis.or.kr/nhis/together/wbhaec06900m01.do?mode=view&articleNo=11006399

Sheet 검증
A1: 추출·계산 검증
A3: 연도별 원천 행 수와 계산 완료 건수를 비교합니다. 상태가 모두 OK인지 확인하세요.
A5: 연도 | B5: 원천 행 수 | C5: 유출률 계산 수 | D5: 미계산 건수 | E5: 상태
A6: 2011 | B6: =COUNTIF(원천데이터!$A$6:$A$3730,A6) -> 263 | C6: =COUNTIFS(원천데이터!$A$6:$A$3730,A6,원천데이터!$G$6:$G$3730,">=0") -> 263 | D6: =B6-C6 -> 0 | E6: =IF(D6=0,"OK","확인") -> OK
A7: 2012 | B7: =COUNTIF(원천데이터!$A$6:$A$3730,A7) -> 263 | C7: =COUNTIFS(원천데이터!$A$6:$A$3730,A7,원천데이터!$G$6:$G$3730,">=0") -> 263 | D7: =B7-C7 -> 0 | E7: =IF(D7=0,"OK","확인") -> OK
A8: 2013 | B8: =COUNTIF(원천데이터!$A$6:$A$3730,A8) -> 267 | C8: =COUNTIFS(원천데이터!$A$6:$A$3730,A8,원천데이터!$G$6:$G$3730,">=0") -> 267 | D8: =B8-C8 -> 0 | E8: =IF(D8=0,"OK","확인") -> OK
A9: 2014 | B9: =COUNTIF(원천데이터!$A$6:$A$3730,A9) -> 268 | C9: =COUNTIFS(원천데이터!$A$6:$A$3730,A9,원천데이터!$G$6:$G$3730,">=0") -> 268 | D9: =B9-C9 -> 0 | E9: =IF(D9=0,"OK","확인") -> OK
A10: 2015 | B10: =COUNTIF(원천데이터!$A$6:$A$3730,A10) -> 268 | C10: =COUNTIFS(원천데이터!$A$6:$A$3730,A10,원천데이터!$G$6:$G$3730,">=0") -> 268 | D10: =B10-C10 -> 0 | E10: =IF(D10=0,"OK","확인") -> OK
A11: 2016 | B11: =COUNTIF(원천데이터!$A$6:$A$3730,A11) -> 266 | C11: =COUNTIFS(원천데이터!$A$6:$A$3730,A11,원천데이터!$G$6:$G$3730,">=0") -> 266 | D11: =B11-C11 -> 0 | E11: =IF(D11=0,"OK","확인") -> OK
A12: 2017 | B12: =COUNTIF(원천데이터!$A$6:$A$3730,A12) -> 266 | C12: =COUNTIFS(원천데이터!$A$6:$A$3730,A12,원천데이터!$G$6:$G$3730,">=0") -> 266 | D12: =B12-C12 -> 0 | E12: =IF(D12=0,"OK","확인") -> OK
A13: 2018 | B13: =COUNTIF(원천데이터!$A$6:$A$3730,A13) -> 266 | C13: =COUNTIFS(원천데이터!$A$6:$A$3730,A13,원천데이터!$G$6:$G$3730,">=0") -> 266 | D13: =B13-C13 -> 0 | E13: =IF(D13=0,"OK","확인") -> OK
A14: 2019 | B14: =COUNTIF(원천데이터!$A$6:$A$3730,A14) -> 266 | C14: =COUNTIFS(원천데이터!$A$6:$A$3730,A14,원천데이터!$G$6:$G$3730,">=0") -> 266 | D14: =B14-C14 -> 0 | E14: =IF(D14=0,"OK","확인") -> OK
A15: 2020 | B15: =COUNTIF(원천데이터!$A$6:$A$3730,A15) -> 266 | C15: =COUNTIFS(원천데이터!$A$6:$A$3730,A15,원천데이터!$G$6:$G$3730,">=0") -> 266 | D15: =B15-C15 -> 0 | E15: =IF(D15=0,"OK","확인") -> OK
A16: 2021 | B16: =COUNTIF(원천데이터!$A$6:$A$3730,A16) -> 266 | C16: =COUNTIFS(원천데이터!$A$6:$A$3730,A16,원천데이터!$G$6:$G$3730,">=0") -> 266 | D16: =B16-C16 -> 0 | E16: =IF(D16=0,"OK","확인") -> OK
A17: 2022 | B17: =COUNTIF(원천데이터!$A$6:$A$3730,A17) -> 266 | C17: =COUNTIFS(원천데이터!$A$6:$A$3730,A17,원천데이터!$G$6:$G$3730,">=0") -> 266 | D17: =B17-C17 -> 0 | E17: =IF(D17=0,"OK","확인") -> OK
... A19: 2024 | B19: =COUNTIF(원천데이터!$A$6:$A$3730,A19) -> 268 | C19: =COUNTIFS(원천데이터!$A$6:$A$3730,A19,원천데이터!$G$6:$G$3730,">=0") -> 268 | D19: =B19-C19 -> 0 | E19: =IF(D19=0,"OK","확인") -> OK

Sheet 메타데이터
A1: 메타데이터 및 산출 기준
A3: 재현성과 해석을 위한 기준·출처·주의사항
A5: 구분 | B5: 항목 | C5: 내용 | D5: 출처
A6: 산식 | B6: 관외 유출률 | C6: 관외 진료실인원수 / (관내 진료실인원수 + 관외 진료실인원수) | D6: 원천데이터!G열
A7: 범위 | B7: 대상 기간 | C7: 2011~2024년 (14개 연도) | D7: NHIS 지역별 의료이용 통계연보
A8: 범위 | B8: 사용 시트 | C8: 시·군·구별 진료현황(관내-계), 시·군·구별 진료현황(관외-계) 및 이어지는 <계속> 시트만 사용 | D8: 각 원천파일의 관내·관외 시트
A9: 평균 | B9: 지역별 평균 | C9: 해당 지역에 값이 존재하는 연도의 단순 산술평균. 관측연도 수는 별도 표시. | D9: 지역별 유출률!R:S열
A10: 지역 | B10: 시도명 정규화 | C10: 특별·광역·특별자치 명칭을 서울·부산·강원·전북 등 단축명으로 통일. 시군구 원문명은 유지. | D10: 작성 규칙
A11: 주의 | B11: 행정구역 변경 | C11: 신설·통폐합 지역은 과거와 현재를 강제 연결하지 않음. 존재하지 않는 연도는 빈칸. | D11: 작성 규칙
A12: 주의 | B12: 지표 해석 | C12: 동일인이 관내와 관외를 모두 이용하면 양쪽 진료실인원수에 포함될 수 있어 고유 환자의 확률이 아니라 의료이용 비중 대리변수로 해석. | D12: 통계 정의 유의
A13: 검증 | B13: 짝 불일치 | C13: 관내·관외 지역명 짝 불일치 0건, 계산 가능 3,725건 | D13: 검증 시트
A14: 출처 | B14: 게시판 | C14: 국민건강보험공단 지역별 의료이용 통계연보 | D14: https://www.nhis.or.kr/nhis/together/wbhaec06900m01.do?mode=list

Sheet 보험개발원 위험률
A1: 보험개발원 참조순보험요율 위험률 원자료
A3: 적용시점: 2024년 4월 1일 이후 | 보간·연령 확장 없이 웹페이지에 제시된 대표연령 값을 그대로 수록
A4: 주의: 원문 페이지는 위험률 단위를 별도로 명시하지 않아, 아래 값은 웹페이지에 표시된 소수 비율 그대로입니다. 사망률 표명도 원문 표기(제9회 경험생명표)를 유지했습니다.
A6: 위험률 구분 | B6: 원문 표명 | C6: 연령(세) | D6: 남자 | E6: 여자 | F6: 원자료 간격 | G6: 적용시점 | H6: 원문 기준·주석 | I6: 출처 URL
A7: 사망률 | B7: 생존·사망률(제9회 경험생명표) | C7: 0 | D7: 0.00156 | E7: 0.00145 | F7: 5세 | G7: 2024-04-01 이후 | H7: 페이지 원문 표기 | I7: https://www.kidi.or.kr/user/nd81768.do
A8: 사망률 | B8: 생존·사망률(제9회 경험생명표) | C8: 5 | D8: 4e-05 | E8: 4e-05 | F8: 5세 | G8: 2024-04-01 이후 | H8: 페이지 원문 표기 | I8: https://www.kidi.or.kr/user/nd81768.do
A9: 사망률 | B9: 생존·사망률(제9회 경험생명표) | C9: 10 | D9: 3e-05 | E9: 3e-05 | F9: 5세 | G9: 2024-04-01 이후 | H9: 페이지 원문 표기 | I9: https://www.kidi.or.kr/user/nd81768.do
A10: 사망률 | B10: 생존·사망률(제9회 경험생명표) | C10: 15 | D10: 0.00014 | E10: 0.0001 | F10: 5세 | G10: 2024-04-01 이후 | H10: 페이지 원문 표기 | I10: https://www.kidi.or.kr/user/nd81768.do
A11: 사망률 | B11: 생존·사망률(제9회 경험생명표) | C11: 20 | D11: 0.00028 | E11: 0.0002 | F11: 5세 | G11: 2024-04-01 이후 | H11: 페이지 원문 표기 | I11: https://www.kidi.or.kr/user/nd81768.do
A12: 사망률 | B12: 생존·사망률(제9회 경험생명표) | C12: 25 | D12: 0.00039 | E12: 0.00024 | F12: 5세 | G12: 2024-04-01 이후 | H12: 페이지 원문 표기 | I12: https://www.kidi.or.kr/user/nd81768.do
A13: 사망률 | B13: 생존·사망률(제9회 경험생명표) | C13: 30 | D13: 0.00045 | E13: 0.00026 | F13: 5세 | G13: 2024-04-01 이후 | H13: 페이지 원문 표기 | I13: https://www.kidi.or.kr/user/nd81768.do
A14: 사망률 | B14: 생존·사망률(제9회 경험생명표) | C14: 35 | D14: 0.00053 | E14: 0.00035 | F14: 5세 | G14: 2024-04-01 이후 | H14: 페이지 원문 표기 | I14: https://www.kidi.or.kr/user/nd81768.do
A15: 사망률 | B15: 생존·사망률(제9회 경험생명표) | C15: 40 | D15: 0.00065 | E15: 0.00043 | F15: 5세 | G15: 2024-04-01 이후 | H15: 페이지 원문 표기 | I15: https://www.kidi.or.kr/user/nd81768.do
A16: 사망률 | B16: 생존·사망률(제9회 경험생명표) | C16: 45 | D16: 0.00093 | E16: 0.00055 | F16: 5세 | G16: 2024-04-01 이후 | H16: 페이지 원문 표기 | I16: https://www.kidi.or.kr/user/nd81768.do
A17: 사망률 | B17: 생존·사망률(제9회 경험생명표) | C17: 50 | D17: 0.00141 | E17: 0.00077 | F17: 5세 | G17: 2024-04-01 이후 | H17: 페이지 원문 표기 | I17: https://www.kidi.or.kr/user/nd81768.do
A18: 사망률 | B18: 생존·사망률(제9회 경험생명표) | C18: 55 | D18: 0.00216 | E18: 0.00105 | F18: 5세 | G18: 2024-04-01 이후 | H18: 페이지 원문 표기 | I18: https://www.kidi.or.kr/user/nd81768.do
... A75: 급성심근경색 발생률 | B75: 급성심근경색 발생률 | C75: 80 | D75: 0.002446 | E75: 0.001226 | F75: 10세 | G75: 2024-04-01 이후 | H75: 페이지 원문 표기 | I75: https://www.kidi.or.kr/user/nd81768.do

Sheet 보험개발원 위험률(1세)
A1: 보험개발원 위험률 — 1세 단위 선형보간
A3: 대표연령 원자료 사이의 값은 연령에 비례해 선형보간했습니다. 대표연령 값은 원자료 시트를 직접 참조합니다.
A4: 보간식: 하한 위험률 + (상한 위험률 − 하한 위험률) × (대상연령 − 하한연령) ÷ (상한연령 − 하한연령) | 외삽 없음
A6: 위험률 구분 | B6: 원문 표명 | C6: 연령(세) | D6: 남자 | E6: 여자 | F6: 값 구분 | G6: 보간 기준 연령 | H6: 원자료 간격 | I6: 적용시점 | J6: 출처 URL
A7: 사망률 | B7: 생존·사망률(제9회 경험생명표) | C7: 0 | D7: ='보험개발원 위험률'!D7 -> 0.00156 | E7: ='보험개발원 위험률'!E7 -> 0.00145 | F7: 원자료 | G7: 0세 원자료 | H7: 5세 | I7: 2024-04-01 이후 | J7: https://www.kidi.or.kr/user/nd81768.do
A8: 사망률 | B8: 생존·사망률(제9회 경험생명표) | C8: 1 | D8: ='보험개발원 위험률'!D7+('보험개발원 위험률'!D8-'보험개발원 위험률'!D7)*(C8-'보험개발원 위험률'!C7)/('보험개발원 위험률'!C8-'보험개발원 위험률'!C7) -> 0.001256 | E8: ='보험개발원 위험률'!E7+('보험개발원 위험률'!E8-'보험개발원 위험률'!E7)*(C8-'보험개발원 위험률'!C7)/('보험개발원 위험률'!C8-'보험개발원 위험률'!C7) -> 0.001168 | F8: 선형보간 | G8: 0~5세 | H8: 5세 | I8: 2024-04-01 이후 | J8: https://www.kidi.or.kr/user/nd81768.do
A9: 사망률 | B9: 생존·사망률(제9회 경험생명표) | C9: 2 | D9: ='보험개발원 위험률'!D7+('보험개발원 위험률'!D8-'보험개발원 위험률'!D7)*(C9-'보험개발원 위험률'!C7)/('보험개발원 위험률'!C8-'보험개발원 위험률'!C7) -> 0.000952 | E9: ='보험개발원 위험률'!E7+('보험개발원 위험률'!E8-'보험개발원 위험률'!E7)*(C9-'보험개발원 위험률'!C7)/('보험개발원 위험률'!C8-'보험개발원 위험률'!C7) -> 0.000886 | F9: 선형보간 | G9: 0~5세 | H9: 5세 | I9: 2024-04-01 이후 | J9: https://www.kidi.or.kr/user/nd81768.do
A10: 사망률 | B10: 생존·사망률(제9회 경험생명표) | C10: 3 | D10: ='보험개발원 위험률'!D7+('보험개발원 위험률'!D8-'보험개발원 위험률'!D7)*(C10-'보험개발원 위험률'!C7)/('보험개발원 위험률'!C8-'보험개발원 위험률'!C7) -> 0.000648 | E10: ='보험개발원 위험률'!E7+('보험개발원 위험률'!E8-'보험개발원 위험률'!E7)*(C10-'보험개발원 위험률'!C7)/('보험개발원 위험률'!C8-'보험개발원 위험률'!C7) -> 0.000604 | F10: 선형보간 | G10: 0~5세 | H10: 5세 | I10: 2024-04-01 이후 | J10: https://www.kidi.or.kr/user/nd81768.do
A11: 사망률 | B11: 생존·사망률(제9회 경험생명표) | C11: 4 | D11: ='보험개발원 위험률'!D7+('보험개발원 위험률'!D8-'보험개발원 위험률'!D7)*(C11-'보험개발원 위험률'!C7)/('보험개발원 위험률'!C8-'보험개발원 위험률'!C7) -> 0.000344 | E11: ='보험개발원 위험률'!E7+('보험개발원 위험률'!E8-'보험개발원 위험률'!E7)*(C11-'보험개발원 위험률'!C7)/('보험개발원 위험률'!C8-'보험개발원 위험률'!C7) -> 0.000322 | F11: 선형보간 | G11: 0~5세 | H11: 5세 | I11: 2024-04-01 이후 | J11: https://www.kidi.or.kr/user/nd81768.do
A12: 사망률 | B12: 생존·사망률(제9회 경험생명표) | C12: 5 | D12: ='보험개발원 위험률'!D8 -> 4e-05 | E12: ='보험개발원 위험률'!E8 -> 4e-05 | F12: 원자료 | G12: 5세 원자료 | H12: 5세 | I12: 2024-04-01 이후 | J12: https://www.kidi.or.kr/user/nd81768.do
A13: 사망률 | B13: 생존·사망률(제9회 경험생명표) | C13: 6 | D13: ='보험개발원 위험률'!D8+('보험개발원 위험률'!D9-'보험개발원 위험률'!D8)*(C13-'보험개발원 위험률'!C8)/('보험개발원 위험률'!C9-'보험개발원 위험률'!C8) -> 3.8e-05 | E13: ='보험개발원 위험률'!E8+('보험개발원 위험률'!E9-'보험개발원 위험률'!E8)*(C13-'보험개발원 위험률'!C8)/('보험개발원 위험률'!C9-'보험개발원 위험률'!C8) -> 3.8e-05 | F13: 선형보간 | G13: 5~10세 | H13: 5세 | I13: 2024-04-01 이후 | J13: https://www.kidi.or.kr/user/nd81768.do
A14: 사망률 | B14: 생존·사망률(제9회 경험생명표) | C14: 7 | D14: ='보험개발원 위험률'!D8+('보험개발원 위험률'!D9-'보험개발원 위험률'!D8)*(C14-'보험개발원 위험률'!C8)/('보험개발원 위험률'!C9-'보험개발원 위험률'!C8) -> 3.6e-05 | E14: ='보험개발원 위험률'!E8+('보험개발원 위험률'!E9-'보험개발원 위험률'!E8)*(C14-'보험개발원 위험률'!C8)/('보험개발원 위험률'!C9-'보험개발원 위험률'!C8) -> 3.6e-05 | F14: 선형보간 | G14: 5~10세 | H14: 5세 | I14: 2024-04-01 이후 | J14: https://www.kidi.or.kr/user/nd81768.do
A15: 사망률 | B15: 생존·사망률(제9회 경험생명표) | C15: 8 | D15: ='보험개발원 위험률'!D8+('보험개발원 위험률'!D9-'보험개발원 위험률'!D8)*(C15-'보험개발원 위험률'!C8)/('보험개발원 위험률'!C9-'보험개발원 위험률'!C8) -> 3.4e-05 | E15: ='보험개발원 위험률'!E8+('보험개발원 위험률'!E9-'보험개발원 위험률'!E8)*(C15-'보험개발원 위험률'!C8)/('보험개발원 위험률'!C9-'보험개발원 위험률'!C8) -> 3.4e-05 | F15: 선형보간 | G15: 5~10세 | H15: 5세 | I15: 2024-04-01 이후 | J15: https://www.kidi.or.kr/user/nd81768.do
A16: 사망률 | B16: 생존·사망률(제9회 경험생명표) | C16: 9 | D16: ='보험개발원 위험률'!D8+('보험개발원 위험률'!D9-'보험개발원 위험률'!D8)*(C16-'보험개발원 위험률'!C8)/('보험개발원 위험률'!C9-'보험개발원 위험률'!C8) -> 3.2e-05 | E16: ='보험개발원 위험률'!E8+('보험개발원 위험률'!E9-'보험개발원 위험률'!E8)*(C16-'보험개발원 위험률'!C8)/('보험개발원 위험률'!C9-'보험개발원 위험률'!C8) -> 3.2e-05 | F16: 선형보간 | G16: 5~10세 | H16: 5세 | I16: 2024-04-01 이후 | J16: https://www.kidi.or.kr/user/nd81768.do
A17: 사망률 | B17: 생존·사망률(제9회 경험생명표) | C17: 10 | D17: ='보험개발원 위험률'!D9 -> 3e-05 | E17: ='보험개발원 위험률'!E9 -> 3e-05 | F17: 원자료 | G17: 10세 원자료 | H17: 5세 | I17: 2024-04-01 이후 | J17: https://www.kidi.or.kr/user/nd81768.do
A18: 사망률 | B18: 생존·사망률(제9회 경험생명표) | C18: 11 | D18: ='보험개발원 위험률'!D9+('보험개발원 위험률'!D10-'보험개발원 위험률'!D9)*(C18-'보험개발원 위험률'!C9)/('보험개발원 위험률'!C10-'보험개발원 위험률'!C9) -> 5.2e-05 | E18: ='보험개발원 위험률'!E9+('보험개발원 위험률'!E10-'보험개발원 위험률'!E9)*(C18-'보험개발원 위험률'!C9)/('보험개발원 위험률'!C10-'보험개발원 위험률'!C9) -> 4.4e-05 | F18: 선형보간 | G18: 10~15세 | H18: 5세 | I18: 2024-04-01 이후 | J18: https://www.kidi.or.kr/user/nd81768.do
A19: 사망률 | B19: 생존·사망률(제9회 경험생명표) | C19: 12 | D19: ='보험개발원 위험률'!D9+('보험개발원 위험률'!D10-'보험개발원 위험률'!D9)*(C19-'보험개발원 위험률'!C9)/('보험개발원 위험률'!C10-'보험개발원 위험률'!C9) -> 7.4e-05 | E19: ='보험개발원 위험률'!E9+('보험개발원 위험률'!E10-'보험개발원 위험률'!E9)*(C19-'보험개발원 위험률'!C9)/('보험개발원 위험률'!C10-'보험개발원 위험률'!C9) -> 5.8e-05 | F19: 선형보간 | G19: 10~15세 | H19: 5세 | I19: 2024-04-01 이후 | J19: https://www.kidi.or.kr/user/nd81768.do
A20: 사망률 | B20: 생존·사망률(제9회 경험생명표) | C20: 13 | D20: ='보험개발원 위험률'!D9+('보험개발원 위험률'!D10-'보험개발원 위험률'!D9)*(C20-'보험개발원 위험률'!C9)/('보험개발원 위험률'!C10-'보험개발원 위험률'!C9) -> 9.6e-05 | E20: ='보험개발원 위험률'!E9+('보험개발원 위험률'!E10-'보험개발원 위험률'!E9)*(C20-'보험개발원 위험률'!C9)/('보험개발원 위험률'!C10-'보험개발원 위험률'!C9) -> 7.2e-05 | F20: 선형보간 | G20: 10~15세 | H20: 5세 | I20: 2024-04-01 이후 | J20: https://www.kidi.or.kr/user/nd81768.do
A21: 사망률 | B21: 생존·사망률(제9회 경험생명표) | C21: 14 | D21: ='보험개발원 위험률'!D9+('보험개발원 위험률'!D10-'보험개발원 위험률'!D9)*(C21-'보험개발원 위험률'!C9)/('보험개발원 위험률'!C10-'보험개발원 위험률'!C9) -> 0.000118 | E21: ='보험개발원 위험률'!E9+('보험개발원 위험률'!E10-'보험개발원 위험률'!E9)*(C21-'보험개발원 위험률'!C9)/('보험개발원 위험률'!C10-'보험개발원 위험률'!C9) -> 8.6e-05 | F21: 선형보간 | G21: 10~15세 | H21: 5세 | I21: 2024-04-01 이후 | J21: https://www.kidi.or.kr/user/nd81768.do
A22: 사망률 | B22: 생존·사망률(제9회 경험생명표) | C22: 15 | D22: ='보험개발원 위험률'!D10 -> 0.00014 | E22: ='보험개발원 위험률'!E10 -> 0.0001 | F22: 원자료 | G22: 15세 원자료 | H22: 5세 | I22: 2024-04-01 이후 | J22: https://www.kidi.or.kr/user/nd81768.do
A23: 사망률 | B23: 생존·사망률(제9회 경험생명표) | C23: 16 | D23: ='보험개발원 위험률'!D10+('보험개발원 위험률'!D11-'보험개발원 위험률'!D10)*(C23-'보험개발원 위험률'!C10)/('보험개발원 위험률'!C11-'보험개발원 위험률'!C10) -> 0.000168 | E23: ='보험개발원 위험률'!E10+('보험개발원 위험률'!E11-'보험개발원 위험률'!E10)*(C23-'보험개발원 위험률'!C10)/('보험개발원 위험률'!C11-'보험개발원 위험률'!C10) -> 0.00012 | F23: 선형보간 | G23: 15~20세 | H23: 5세 | I23: 2024-04-01 이후 | J23: https://www.kidi.or.kr/user/nd81768.do
A24: 사망률 | B24: 생존·사망률(제9회 경험생명표) | C24: 17 | D24: ='보험개발원 위험률'!D10+('보험개발원 위험률'!D11-'보험개발원 위험률'!D10)*(C24-'보험개발원 위험률'!C10)/('보험개발원 위험률'!C11-'보험개발원 위험률'!C10) -> 0.000196 | E24: ='보험개발원 위험률'!E10+('보험개발원 위험률'!E11-'보험개발원 위험률'!E10)*(C24-'보험개발원 위험률'!C10)/('보험개발원 위험률'!C11-'보험개발원 위험률'!C10) -> 0.00014 | F24: 선형보간 | G24: 15~20세 | H24: 5세 | I24: 2024-04-01 이후 | J24: https://www.kidi.or.kr/user/nd81768.do
A25: 사망률 | B25: 생존·사망률(제9회 경험생명표) | C25: 18 | D25: ='보험개발원 위험률'!D10+('보험개발원 위험률'!D11-'보험개발원 위험률'!D10)*(C25-'보험개발원 위험률'!C10)/('보험개발원 위험률'!C11-'보험개발원 위험률'!C10) -> 0.000224 | E25: ='보험개발원 위험률'!E10+('보험개발원 위험률'!E11-'보험개발원 위험률'!E10)*(C25-'보험개발원 위험률'!C10)/('보험개발원 위험률'!C11-'보험개발원 위험률'!C10) -> 0.00016 | F25: 선형보간 | G25: 15~20세 | H25: 5세 | I25: 2024-04-01 이후 | J25: https://www.kidi.or.kr/user/nd81768.do
A26: 사망률 | B26: 생존·사망률(제9회 경험생명표) | C26: 19 | D26: ='보험개발원 위험률'!D10+('보험개발원 위험률'!D11-'보험개발원 위험률'!D10)*(C26-'보험개발원 위험률'!C10)/('보험개발원 위험률'!C11-'보험개발원 위험률'!C10) -> 0.000252 | E26: ='보험개발원 위험률'!E10+('보험개발원 위험률'!E11-'보험개발원 위험률'!E10)*(C26-'보험개발원 위험률'!C10)/('보험개발원 위험률'!C11-'보험개발원 위험률'!C10) -> 0.00018 | F26: 선형보간 | G26: 15~20세 | H26: 5세 | I26: 2024-04-01 이후 | J26: https://www.kidi.or.kr/user/nd81768.do
A27: 사망률 | B27: 생존·사망률(제9회 경험생명표) | C27: 20 | D27: ='보험개발원 위험률'!D11 -> 0.00028 | E27: ='보험개발원 위험률'!E11 -> 0.0002 | F27: 원자료 | G27: 20세 원자료 | H27: 5세 | I27: 2024-04-01 이후 | J27: https://www.kidi.or.kr/user/nd81768.do
A28: 사망률 | B28: 생존·사망률(제9회 경험생명표) | C28: 21 | D28: ='보험개발원 위험률'!D11+('보험개발원 위험률'!D12-'보험개발원 위험률'!D11)*(C28-'보험개발원 위험률'!C11)/('보험개발원 위험률'!C12-'보험개발원 위험률'!C11) -> 0.000302 | E28: ='보험개발원 위험률'!E11+('보험개발원 위험률'!E12-'보험개발원 위험률'!E11)*(C28-'보험개발원 위험률'!C11)/('보험개발원 위험률'!C12-'보험개발원 위험률'!C11) -> 0.000208 | F28: 선형보간 | G28: 20~25세 | H28: 5세 | I28: 2024-04-01 이후 | J28: https://www.kidi.or.kr/user/nd81768.do
A29: 사망률 | B29: 생존·사망률(제9회 경험생명표) | C29: 22 | D29: ='보험개발원 위험률'!D11+('보험개발원 위험률'!D12-'보험개발원 위험률'!D11)*(C29-'보험개발원 위험률'!C11)/('보험개발원 위험률'!C12-'보험개발원 위험률'!C11) -> 0.000324 | E29: ='보험개발원 위험률'!E11+('보험개발원 위험률'!E12-'보험개발원 위험률'!E11)*(C29-'보험개발원 위험률'!C11)/('보험개발원 위험률'!C12-'보험개발원 위험률'!C11) -> 0.000216 | F29: 선형보간 | G29: 20~25세 | H29: 5세 | I29: 2024-04-01 이후 | J29: https://www.kidi.or.kr/user/nd81768.do
A30: 사망률 | B30: 생존·사망률(제9회 경험생명표) | C30: 23 | D30: ='보험개발원 위험률'!D11+('보험개발원 위험률'!D12-'보험개발원 위험률'!D11)*(C30-'보험개발원 위험률'!C11)/('보험개발원 위험률'!C12-'보험개발원 위험률'!C11) -> 0.000346 | E30: ='보험개발원 위험률'!E11+('보험개발원 위험률'!E12-'보험개발원 위험률'!E11)*(C30-'보험개발원 위험률'!C11)/('보험개발원 위험률'!C12-'보험개발원 위험률'!C11) -> 0.000224 | F30: 선형보간 | G30: 20~25세 | H30: 5세 | I30: 2024-04-01 이후 | J30: https://www.kidi.or.kr/user/nd81768.do
A31: 사망률 | B31: 생존·사망률(제9회 경험생명표) | C31: 24 | D31: ='보험개발원 위험률'!D11+('보험개발원 위험률'!D12-'보험개발원 위험률'!D11)*(C31-'보험개발원 위험률'!C11)/('보험개발원 위험률'!C12-'보험개발원 위험률'!C11) -> 0.000368 | E31: ='보험개발원 위험률'!E11+('보험개발원 위험률'!E12-'보험개발원 위험률'!E11)*(C31-'보험개발원 위험률'!C11)/('보험개발원 위험률'!C12-'보험개발원 위험률'!C11) -> 0.000232 | F31: 선형보간 | G31: 20~25세 | H31: 5세 | I31: 2024-04-01 이후 | J31: https://www.kidi.or.kr/user/nd81768.do
A32: 사망률 | B32: 생존·사망률(제9회 경험생명표) | C32: 25 | D32: ='보험개발원 위험률'!D12 -> 0.00039 | E32: ='보험개발원 위험률'!E12 -> 0.00024 | F32: 원자료 | G32: 25세 원자료 | H32: 5세 | I32: 2024-04-01 이후 | J32: https://www.kidi.or.kr/user/nd81768.do
A33: 사망률 | B33: 생존·사망률(제9회 경험생명표) | C33: 26 | D33: ='보험개발원 위험률'!D12+('보험개발원 위험률'!D13-'보험개발원 위험률'!D12)*(C33-'보험개발원 위험률'!C12)/('보험개발원 위험률'!C13-'보험개발원 위험률'!C12) -> 0.000402 | E33: ='보험개발원 위험률'!E12+('보험개발원 위험률'!E13-'보험개발원 위험률'!E12)*(C33-'보험개발원 위험률'!C12)/('보험개발원 위험률'!C13-'보험개발원 위험률'!C12) -> 0.000244 | F33: 선형보간 | G33: 25~30세 | H33: 5세 | I33: 2024-04-01 이후 | J33: https://www.kidi.or.kr/user/nd81768.do
A34: 사망률 | B34: 생존·사망률(제9회 경험생명표) | C34: 27 | D34: ='보험개발원 위험률'!D12+('보험개발원 위험률'!D13-'보험개발원 위험률'!D12)*(C34-'보험개발원 위험률'!C12)/('보험개발원 위험률'!C13-'보험개발원 위험률'!C12) -> 0.000414 | E34: ='보험개발원 위험률'!E12+('보험개발원 위험률'!E13-'보험개발원 위험률'!E12)*(C34-'보험개발원 위험률'!C12)/('보험개발원 위험률'!C13-'보험개발원 위험률'!C12) -> 0.000248 | F34: 선형보간 | G34: 25~30세 | H34: 5세 | I34: 2024-04-01 이후 | J34: https://www.kidi.or.kr/user/nd81768.do
A35: 사망률 | B35: 생존·사망률(제9회 경험생명표) | C35: 28 | D35: ='보험개발원 위험률'!D12+('보험개발원 위험률'!D13-'보험개발원 위험률'!D12)*(C35-'보험개발원 위험률'!C12)/('보험개발원 위험률'!C13-'보험개발원 위험률'!C12) -> 0.000426 | E35: ='보험개발원 위험률'!E12+('보험개발원 위험률'!E13-'보험개발원 위험률'!E12)*(C35-'보험개발원 위험률'!C12)/('보험개발원 위험률'!C13-'보험개발원 위험률'!C12) -> 0.000252 | F35: 선형보간 | G35: 25~30세 | H35: 5세 | I35: 2024-04-01 이후 | J35: https://www.kidi.or.kr/user/nd81768.do
A36: 사망률 | B36: 생존·사망률(제9회 경험생명표) | C36: 29 | D36: ='보험개발원 위험률'!D12+('보험개발원 위험률'!D13-'보험개발원 위험률'!D12)*(C36-'보험개발원 위험률'!C12)/('보험개발원 위험률'!C13-'보험개발원 위험률'!C12) -> 0.000438 | E36: ='보험개발원 위험률'!E12+('보험개발원 위험률'!E13-'보험개발원 위험률'!E12)*(C36-'보험개발원 위험률'!C12)/('보험개발원 위험률'!C13-'보험개발원 위험률'!C12) -> 0.000256 | F36: 선형보간 | G36: 25~30세 | H36: 5세 | I36: 2024-04-01 이후 | J36: https://www.kidi.or.kr/user/nd81768.do
A37: 사망률 | B37: 생존·사망률(제9회 경험생명표) | C37: 30 | D37: ='보험개발원 위험률'!D13 -> 0.00045 | E37: ='보험개발원 위험률'!E13 -> 0.00026 | F37: 원자료 | G37: 30세 원자료 | H37: 5세 | I37: 2024-04-01 이후 | J37: https://www.kidi.or.kr/user/nd81768.do
A38: 사망률 | B38: 생존·사망률(제9회 경험생명표) | C38: 31 | D38: ='보험개발원 위험률'!D13+('보험개발원 위험률'!D14-'보험개발원 위험률'!D13)*(C38-'보험개발원 위험률'!C13)/('보험개발원 위험률'!C14-'보험개발원 위험률'!C13) -> 0.000466 | E38: ='보험개발원 위험률'!E13+('보험개발원 위험률'!E14-'보험개발원 위험률'!E13)*(C38-'보험개발원 위험률'!C13)/('보험개발원 위험률'!C14-'보험개발원 위험률'!C13) -> 0.000278 | F38: 선형보간 | G38: 30~35세 | H38: 5세 | I38: 2024-04-01 이후 | J38: https://www.kidi.or.kr/user/nd81768.do
A39: 사망률 | B39: 생존·사망률(제9회 경험생명표) | C39: 32 | D39: ='보험개발원 위험률'!D13+('보험개발원 위험률'!D14-'보험개발원 위험률'!D13)*(C39-'보험개발원 위험률'!C13)/('보험개발원 위험률'!C14-'보험개발원 위험률'!C13) -> 0.000482 | E39: ='보험개발원 위험률'!E13+('보험개발원 위험률'!E14-'보험개발원 위험률'!E13)*(C39-'보험개발원 위험률'!C13)/('보험개발원 위험률'!C14-'보험개발원 위험률'!C13) -> 0.000296 | F39: 선형보간 | G39: 30~35세 | H39: 5세 | I39: 2024-04-01 이후 | J39: https://www.kidi.or.kr/user/nd81768.do
A40: 사망률 | B40: 생존·사망률(제9회 경험생명표) | C40: 33 | D40: ='보험개발원 위험률'!D13+('보험개발원 위험률'!D14-'보험개발원 위험률'!D13)*(C40-'보험개발원 위험률'!C13)/('보험개발원 위험률'!C14-'보험개발원 위험률'!C13) -> 0.000498 | E40: ='보험개발원 위험률'!E13+('보험개발원 위험률'!E14-'보험개발원 위험률'!E13)*(C40-'보험개발원 위험률'!C13)/('보험개발원 위험률'!C14-'보험개발원 위험률'!C13) -> 0.000314 | F40: 선형보간 | G40: 30~35세 | H40: 5세 | I40: 2024-04-01 이후 | J40: https://www.kidi.or.kr/user/nd81768.do
A41: 사망률 | B41: 생존·사망률(제9회 경험생명표) | C41: 34 | D41: ='보험개발원 위험률'!D13+('보험개발원 위험률'!D14-'보험개발원 위험률'!D13)*(C41-'보험개발원 위험률'!C13)/('보험개발원 위험률'!C14-'보험개발원 위험률'!C13) -> 0.000514 | E41: ='보험개발원 위험률'!E13+('보험개발원 위험률'!E14-'보험개발원 위험률'!E13)*(C41-'보험개발원 위험률'!C13)/('보험개발원 위험률'!C14-'보험개발원 위험률'!C13) -> 0.000332 | F41: 선형보간 | G41: 30~35세 | H41: 5세 | I41: 2024-04-01 이후 | J41: https://www.kidi.or.kr/user/nd81768.do
A42: 사망률 | B42: 생존·사망률(제9회 경험생명표) | C42: 35 | D42: ='보험개발원 위험률'!D14 -> 0.00053 | E42: ='보험개발원 위험률'!E14 -> 0.00035 | F42: 원자료 | G42: 35세 원자료 | H42: 5세 | I42: 2024-04-01 이후 | J42: https://www.kidi.or.kr/user/nd81768.do
A43: 사망률 | B43: 생존·사망률(제9회 경험생명표) | C43: 36 | D43: ='보험개발원 위험률'!D14+('보험개발원 위험률'!D15-'보험개발원 위험률'!D14)*(C43-'보험개발원 위험률'!C14)/('보험개발원 위험률'!C15-'보험개발원 위험률'!C14) -> 0.000554 | E43: ='보험개발원 위험률'!E14+('보험개발원 위험률'!E15-'보험개발원 위험률'!E14)*(C43-'보험개발원 위험률'!C14)/('보험개발원 위험률'!C15-'보험개발원 위험률'!C14) -> 0.000366 | F43: 선형보간 | G43: 35~40세 | H43: 5세 | I43: 2024-04-01 이후 | J43: https://www.kidi.or.kr/user/nd81768.do
A44: 사망률 | B44: 생존·사망률(제9회 경험생명표) | C44: 37 | D44: ='보험개발원 위험률'!D14+('보험개발원 위험률'!D15-'보험개발원 위험률'!D14)*(C44-'보험개발원 위험률'!C14)/('보험개발원 위험률'!C15-'보험개발원 위험률'!C14) -> 0.000578 | E44: ='보험개발원 위험률'!E14+('보험개발원 위험률'!E15-'보험개발원 위험률'!E14)*(C44-'보험개발원 위험률'!C14)/('보험개발원 위험률'!C15-'보험개발원 위험률'!C14) -> 0.000382 | F44: 선형보간 | G44: 35~40세 | H44: 5세 | I44: 2024-04-01 이후 | J44: https://www.kidi.or.kr/user/nd81768.do
A45: 사망률 | B45: 생존·사망률(제9회 경험생명표) | C45: 38 | D45: ='보험개발원 위험률'!D14+('보험개발원 위험률'!D15-'보험개발원 위험률'!D14)*(C45-'보험개발원 위험률'!C14)/('보험개발원 위험률'!C15-'보험개발원 위험률'!C14) -> 0.000602 | E45: ='보험개발원 위험률'!E14+('보험개발원 위험률'!E15-'보험개발원 위험률'!E14)*(C45-'보험개발원 위험률'!C14)/('보험개발원 위험률'!C15-'보험개발원 위험률'!C14) -> 0.000398 | F45: 선형보간 | G45: 35~40세 | H45: 5세 | I45: 2024-04-01 이후 | J45: https://www.kidi.or.kr/user/nd81768.do
A46: 사망률 | B46: 생존·사망률(제9회 경험생명표) | C46: 39 | D46: ='보험개발원 위험률'!D14+('보험개발원 위험률'!D15-'보험개발원 위험률'!D14)*(C46-'보험개발원 위험률'!C14)/('보험개발원 위험률'!C15-'보험개발원 위험률'!C14) -> 0.000626 | E46: ='보험개발원 위험률'!E14+('보험개발원 위험률'!E15-'보험개발원 위험률'!E14)*(C46-'보험개발원 위험률'!C14)/('보험개발원 위험률'!C15-'보험개발원 위험률'!C14) -> 0.000414 | F46: 선형보간 | G46: 35~40세 | H46: 5세 | I46: 2024-04-01 이후 | J46: https://www.kidi.or.kr/user/nd81768.do
A47: 사망률 | B47: 생존·사망률(제9회 경험생명표) | C47: 40 | D47: ='보험개발원 위험률'!D15 -> 0.00065 | E47: ='보험개발원 위험률'!E15 -> 0.00043 | F47: 원자료 | G47: 40세 원자료 | H47: 5세 | I47: 2024-04-01 이후 | J47: https://www.kidi.or.kr/user/nd81768.do
A48: 사망률 | B48: 생존·사망률(제9회 경험생명표) | C48: 41 | D48: ='보험개발원 위험률'!D15+('보험개발원 위험률'!D16-'보험개발원 위험률'!D15)*(C48-'보험개발원 위험률'!C15)/('보험개발원 위험률'!C16-'보험개발원 위험률'!C15) -> 0.000706 | E48: ='보험개발원 위험률'!E15+('보험개발원 위험률'!E16-'보험개발원 위험률'!E15)*(C48-'보험개발원 위험률'!C15)/('보험개발원 위험률'!C16-'보험개발원 위험률'!C15) -> 0.000454 | F48: 선형보간 | G48: 40~45세 | H48: 5세 | I48: 2024-04-01 이후 | J48: https://www.kidi.or.kr/user/nd81768.do
A49: 사망률 | B49: 생존·사망률(제9회 경험생명표) | C49: 42 | D49: ='보험개발원 위험률'!D15+('보험개발원 위험률'!D16-'보험개발원 위험률'!D15)*(C49-'보험개발원 위험률'!C15)/('보험개발원 위험률'!C16-'보험개발원 위험률'!C15) -> 0.000762 | E49: ='보험개발원 위험률'!E15+('보험개발원 위험률'!E16-'보험개발원 위험률'!E15)*(C49-'보험개발원 위험률'!C15)/('보험개발원 위험률'!C16-'보험개발원 위험률'!C15) -> 0.000478 | F49: 선형보간 | G49: 40~45세 | H49: 5세 | I49: 2024-04-01 이후 | J49: https://www.kidi.or.kr/user/nd81768.do
A50: 사망률 | B50: 생존·사망률(제9회 경험생명표) | C50: 43 | D50: ='보험개발원 위험률'!D15+('보험개발원 위험률'!D16-'보험개발원 위험률'!D15)*(C50-'보험개발원 위험률'!C15)/('보험개발원 위험률'!C16-'보험개발원 위험률'!C15) -> 0.000818 | E50: ='보험개발원 위험률'!E15+('보험개발원 위험률'!E16-'보험개발원 위험률'!E15)*(C50-'보험개발원 위험률'!C15)/('보험개발원 위험률'!C16-'보험개발원 위험률'!C15) -> 0.000502 | F50: 선형보간 | G50: 40~45세 | H50: 5세 | I50: 2024-04-01 이후 | J50: https://www.kidi.or.kr/user/nd81768.do
A51: 사망률 | B51: 생존·사망률(제9회 경험생명표) | C51: 44 | D51: ='보험개발원 위험률'!D15+('보험개발원 위험률'!D16-'보험개발원 위험률'!D15)*(C51-'보험개발원 위험률'!C15)/('보험개발원 위험률'!C16-'보험개발원 위험률'!C15) -> 0.000874 | E51: ='보험개발원 위험률'!E15+('보험개발원 위험률'!E16-'보험개발원 위험률'!E15)*(C51-'보험개발원 위험률'!C15)/('보험개발원 위험률'!C16-'보험개발원 위험률'!C15) -> 0.000526 | F51: 선형보간 | G51: 40~45세 | H51: 5세 | I51: 2024-04-01 이후 | J51: https://www.kidi.or.kr/user/nd81768.do
A52: 사망률 | B52: 생존·사망률(제9회 경험생명표) | C52: 45 | D52: ='보험개발원 위험률'!D16 -> 0.00093 | E52: ='보험개발원 위험률'!E16 -> 0.00055 | F52: 원자료 | G52: 45세 원자료 | H52: 5세 | I52: 2024-04-01 이후 | J52: https://www.kidi.or.kr/user/nd81768.do
A53: 사망률 | B53: 생존·사망률(제9회 경험생명표) | C53: 46 | D53: ='보험개발원 위험률'!D16+('보험개발원 위험률'!D17-'보험개발원 위험률'!D16)*(C53-'보험개발원 위험률'!C16)/('보험개발원 위험률'!C17-'보험개발원 위험률'!C16) -> 0.001026 | E53: ='보험개발원 위험률'!E16+('보험개발원 위험률'!E17-'보험개발원 위험률'!E16)*(C53-'보험개발원 위험률'!C16)/('보험개발원 위험률'!C17-'보험개발원 위험률'!C16) -> 0.000594 | F53: 선형보간 | G53: 45~50세 | H53: 5세 | I53: 2024-04-01 이후 | J53: https://www.kidi.or.kr/user/nd81768.do
A54: 사망률 | B54: 생존·사망률(제9회 경험생명표) | C54: 47 | D54: ='보험개발원 위험률'!D16+('보험개발원 위험률'!D17-'보험개발원 위험률'!D16)*(C54-'보험개발원 위험률'!C16)/('보험개발원 위험률'!C17-'보험개발원 위험률'!C16) -> 0.001122 | E54: ='보험개발원 위험률'!E16+('보험개발원 위험률'!E17-'보험개발원 위험률'!E16)*(C54-'보험개발원 위험률'!C16)/('보험개발원 위험률'!C17-'보험개발원 위험률'!C16) -> 0.000638 | F54: 선형보간 | G54: 45~50세 | H54: 5세 | I54: 2024-04-01 이후 | J54: https://www.kidi.or.kr/user/nd81768.do
A55: 사망률 | B55: 생존·사망률(제9회 경험생명표) | C55: 48 | D55: ='보험개발원 위험률'!D16+('보험개발원 위험률'!D17-'보험개발원 위험률'!D16)*(C55-'보험개발원 위험률'!C16)/('보험개발원 위험률'!C17-'보험개발원 위험률'!C16) -> 0.001218 | E55: ='보험개발원 위험률'!E16+('보험개발원 위험률'!E17-'보험개발원 위험률'!E16)*(C55-'보험개발원 위험률'!C16)/('보험개발원 위험률'!C17-'보험개발원 위험률'!C16) -> 0.000682 | F55: 선형보간 | G55: 45~50세 | H55: 5세 | I55: 2024-04-01 이후 | J55: https://www.kidi.or.kr/user/nd81768.do
A56: 사망률 | B56: 생존·사망률(제9회 경험생명표) | C56: 49 | D56: ='보험개발원 위험률'!D16+('보험개발원 위험률'!D17-'보험개발원 위험률'!D16)*(C56-'보험개발원 위험률'!C16)/('보험개발원 위험률'!C17-'보험개발원 위험률'!C16) -> 0.001314 | E56: ='보험개발원 위험률'!E16+('보험개발원 위험률'!E17-'보험개발원 위험률'!E16)*(C56-'보험개발원 위험률'!C16)/('보험개발원 위험률'!C17-'보험개발원 위험률'!C16) -> 0.000726 | F56: 선형보간 | G56: 45~50세 | H56: 5세 | I56: 2024-04-01 이후 | J56: https://www.kidi.or.kr/user/nd81768.do
A57: 사망률 | B57: 생존·사망률(제9회 경험생명표) | C57: 50 | D57: ='보험개발원 위험률'!D17 -> 0.00141 | E57: ='보험개발원 위험률'!E17 -> 0.00077 | F57: 원자료 | G57: 50세 원자료 | H57: 5세 | I57: 2024-04-01 이후 | J57: https://www.kidi.or.kr/user/nd81768.do
A58: 사망률 | B58: 생존·사망률(제9회 경험생명표) | C58: 51 | D58: ='보험개발원 위험률'!D17+('보험개발원 위험률'!D18-'보험개발원 위험률'!D17)*(C58-'보험개발원 위험률'!C17)/('보험개발원 위험률'!C18-'보험개발원 위험률'!C17) -> 0.00156 | E58: ='보험개발원 위험률'!E17+('보험개발원 위험률'!E18-'보험개발원 위험률'!E17)*(C58-'보험개발원 위험률'!C17)/('보험개발원 위험률'!C18-'보험개발원 위험률'!C17) -> 0.000826 | F58: 선형보간 | G58: 50~55세 | H58: 5세 | I58: 2024-04-01 이후 | J58: https://www.kidi.or.kr/user/nd81768.do
A59: 사망률 | B59: 생존·사망률(제9회 경험생명표) | C59: 52 | D59: ='보험개발원 위험률'!D17+('보험개발원 위험률'!D18-'보험개발원 위험률'!D17)*(C59-'보험개발원 위험률'!C17)/('보험개발원 위험률'!C18-'보험개발원 위험률'!C17) -> 0.00171 | E59: ='보험개발원 위험률'!E17+('보험개발원 위험률'!E18-'보험개발원 위험률'!E17)*(C59-'보험개발원 위험률'!C17)/('보험개발원 위험률'!C18-'보험개발원 위험률'!C17) -> 0.000882 | F59: 선형보간 | G59: 50~55세 | H59: 5세 | I59: 2024-04-01 이후 | J59: https://www.kidi.or.kr/user/nd81768.do
A60: 사망률 | B60: 생존·사망률(제9회 경험생명표) | C60: 53 | D60: ='보험개발원 위험률'!D17+('보험개발원 위험률'!D18-'보험개발원 위험률'!D17)*(C60-'보험개발원 위험률'!C17)/('보험개발원 위험률'!C18-'보험개발원 위험률'!C17) -> 0.00186 | E60: ='보험개발원 위험률'!E17+('보험개발원 위험률'!E18-'보험개발원 위험률'!E17)*(C60-'보험개발원 위험률'!C17)/('보험개발원 위험률'!C18-'보험개발원 위험률'!C17) -> 0.000938 | F60: 선형보간 | G60: 50~55세 | H60: 5세 | I60: 2024-04-01 이후 | J60: https://www.kidi.or.kr/user/nd81768.do
A61: 사망률 | B61: 생존·사망률(제9회 경험생명표) | C61: 54 | D61: ='보험개발원 위험률'!D17+('보험개발원 위험률'!D18-'보험개발원 위험률'!D17)*(C61-'보험개발원 위험률'!C17)/('보험개발원 위험률'!C18-'보험개발원 위험률'!C17) -> 0.00201 | E61: ='보험개발원 위험률'!E17+('보험개발원 위험률'!E18-'보험개발원 위험률'!E17)*(C61-'보험개발원 위험률'!C17)/('보험개발원 위험률'!C18-'보험개발원 위험률'!C17) -> 0.000994 | F61: 선형보간 | G61: 50~55세 | H61: 5세 | I61: 2024-04-01 이후 | J61: https://www.kidi.or.kr/user/nd81768.do
A62: 사망률 | B62: 생존·사망률(제9회 경험생명표) | C62: 55 | D62: ='보험개발원 위험률'!D18 -> 0.00216 | E62: ='보험개발원 위험률'!E18 -> 0.00105 | F62: 원자료 | G62: 55세 원자료 | H62: 5세 | I62: 2024-04-01 이후 | J62: https://www.kidi.or.kr/user/nd81768.do
A63: 사망률 | B63: 생존·사망률(제9회 경험생명표) | C63: 56 | D63: ='보험개발원 위험률'!D18+('보험개발원 위험률'!D19-'보험개발원 위험률'!D18)*(C63-'보험개발원 위험률'!C18)/('보험개발원 위험률'!C19-'보험개발원 위험률'!C18) -> 0.002406 | E63: ='보험개발원 위험률'!E18+('보험개발원 위험률'!E19-'보험개발원 위험률'!E18)*(C63-'보험개발원 위험률'!C18)/('보험개발원 위험률'!C19-'보험개발원 위험률'!C18) -> 0.001118 | F63: 선형보간 | G63: 55~60세 | H63: 5세 | I63: 2024-04-01 이후 | J63: https://www.kidi.or.kr/user/nd81768.do
A64: 사망률 | B64: 생존·사망률(제9회 경험생명표) | C64: 57 | D64: ='보험개발원 위험률'!D18+('보험개발원 위험률'!D19-'보험개발원 위험률'!D18)*(C64-'보험개발원 위험률'!C18)/('보험개발원 위험률'!C19-'보험개발원 위험률'!C18) -> 0.002652 | E64: ='보험개발원 위험률'!E18+('보험개발원 위험률'!E19-'보험개발원 위험률'!E18)*(C64-'보험개발원 위험률'!C18)/('보험개발원 위험률'!C19-'보험개발원 위험률'!C18) -> 0.001186 | F64: 선형보간 | G64: 55~60세 | H64: 5세 | I64: 2024-04-01 이후 | J64: https://www.kidi.or.kr/user/nd81768.do
A65: 사망률 | B65: 생존·사망률(제9회 경험생명표) | C65: 58 | D65: ='보험개발원 위험률'!D18+('보험개발원 위험률'!D19-'보험개발원 위험률'!D18)*(C65-'보험개발원 위험률'!C18)/('보험개발원 위험률'!C19-'보험개발원 위험률'!C18) -> 0.002898 | E65: ='보험개발원 위험률'!E18+('보험개발원 위험률'!E19-'보험개발원 위험률'!E18)*(C65-'보험개발원 위험률'!C18)/('보험개발원 위험률'!C19-'보험개발원 위험률'!C18) -> 0.001254 | F65: 선형보간 | G65: 55~60세 | H65: 5세 | I65: 2024-04-01 이후 | J65: https://www.kidi.or.kr/user/nd81768.do
A66: 사망률 | B66: 생존·사망률(제9회 경험생명표) | C66: 59 | D66: ='보험개발원 위험률'!D18+('보험개발원 위험률'!D19-'보험개발원 위험률'!D18)*(C66-'보험개발원 위험률'!C18)/('보험개발원 위험률'!C19-'보험개발원 위험률'!C18) -> 0.003144 | E66: ='보험개발원 위험률'!E18+('보험개발원 위험률'!E19-'보험개발원 위험률'!E18)*(C66-'보험개발원 위험률'!C18)/('보험개발원 위험률'!C19-'보험개발원 위험률'!C18) -> 0.001322 | F66: 선형보간 | G66: 55~60세 | H66: 5세 | I66: 2024-04-01 이후 | J66: https://www.kidi.or.kr/user/nd81768.do
A67: 사망률 | B67: 생존·사망률(제9회 경험생명표) | C67: 60 | D67: ='보험개발원 위험률'!D19 -> 0.00339 | E67: ='보험개발원 위험률'!E19 -> 0.00139 | F67: 원자료 | G67: 60세 원자료 | H67: 5세 | I67: 2024-04-01 이후 | J67: https://www.kidi.or.kr/user/nd81768.do
A68: 사망률 | B68: 생존·사망률(제9회 경험생명표) | C68: 61 | D68: ='보험개발원 위험률'!D19+('보험개발원 위험률'!D20-'보험개발원 위험률'!D19)*(C68-'보험개발원 위험률'!C19)/('보험개발원 위험률'!C20-'보험개발원 위험률'!C19) -> 0.003826 | E68: ='보험개발원 위험률'!E19+('보험개발원 위험률'!E20-'보험개발원 위험률'!E19)*(C68-'보험개발원 위험률'!C19)/('보험개발원 위험률'!C20-'보험개발원 위험률'!C19) -> 0.001528 | F68: 선형보간 | G68: 60~65세 | H68: 5세 | I68: 2024-04-01 이후 | J68: https://www.kidi.or.kr/user/nd81768.do
A69: 사망률 | B69: 생존·사망률(제9회 경험생명표) | C69: 62 | D69: ='보험개발원 위험률'!D19+('보험개발원 위험률'!D20-'보험개발원 위험률'!D19)*(C69-'보험개발원 위험률'!C19)/('보험개발원 위험률'!C20-'보험개발원 위험률'!C19) -> 0.004262 | E69: ='보험개발원 위험률'!E19+('보험개발원 위험률'!E20-'보험개발원 위험률'!E19)*(C69-'보험개발원 위험률'!C19)/('보험개발원 위험률'!C20-'보험개발원 위험률'!C19) -> 0.001666 | F69: 선형보간 | G69: 60~65세 | H69: 5세 | I69: 2024-04-01 이후 | J69: https://www.kidi.or.kr/user/nd81768.do
A70: 사망률 | B70: 생존·사망률(제9회 경험생명표) | C70: 63 | D70: ='보험개발원 위험률'!D19+('보험개발원 위험률'!D20-'보험개발원 위험률'!D19)*(C70-'보험개발원 위험률'!C19)/('보험개발원 위험률'!C20-'보험개발원 위험률'!C19) -> 0.004698 | E70: ='보험개발원 위험률'!E19+('보험개발원 위험률'!E20-'보험개발원 위험률'!E19)*(C70-'보험개발원 위험률'!C19)/('보험개발원 위험률'!C20-'보험개발원 위험률'!C19) -> 0.001804 | F70: 선형보간 | G70: 60~65세 | H70: 5세 | I70: 2024-04-01 이후 | J70: https://www.kidi.or.kr/user/nd81768.do
A71: 사망률 | B71: 생존·사망률(제9회 경험생명표) | C71: 64 | D71: ='보험개발원 위험률'!D19+('보험개발원 위험률'!D20-'보험개발원 위험률'!D19)*(C71-'보험개발원 위험률'!C19)/('보험개발원 위험률'!C20-'보험개발원 위험률'!C19) -> 0.005134 | E71: ='보험개발원 위험률'!E19+('보험개발원 위험률'!E20-'보험개발원 위험률'!E19)*(C71-'보험개발원 위험률'!C19)/('보험개발원 위험률'!C20-'보험개발원 위험률'!C19) -> 0.001942 | F71: 선형보간 | G71: 60~65세 | H71: 5세 | I71: 2024-04-01 이후 | J71: https://www.kidi.or.kr/user/nd81768.do
A72: 사망률 | B72: 생존·사망률(제9회 경험생명표) | C72: 65 | D72: ='보험개발원 위험률'!D20 -> 0.00557 | E72: ='보험개발원 위험률'!E20 -> 0.00208 | F72: 원자료 | G72: 65세 원자료 | H72: 5세 | I72: 2024-04-01 이후 | J72: https://www.kidi.or.kr/user/nd81768.do
A73: 사망률 | B73: 생존·사망률(제9회 경험생명표) | C73: 66 | D73: ='보험개발원 위험률'!D20+('보험개발원 위험률'!D21-'보험개발원 위험률'!D20)*(C73-'보험개발원 위험률'!C20)/('보험개발원 위험률'!C21-'보험개발원 위험률'!C20) -> 0.006326 | E73: ='보험개발원 위험률'!E20+('보험개발원 위험률'!E21-'보험개발원 위험률'!E20)*(C73-'보험개발원 위험률'!C20)/('보험개발원 위험률'!C21-'보험개발원 위험률'!C20) -> 0.00237 | F73: 선형보간 | G73: 65~70세 | H73: 5세 | I73: 2024-04-01 이후 | J73: https://www.kidi.or.kr/user/nd81768.do
A74: 사망률 | B74: 생존·사망률(제9회 경험생명표) | C74: 67 | D74: ='보험개발원 위험률'!D20+('보험개발원 위험률'!D21-'보험개발원 위험률'!D20)*(C74-'보험개발원 위험률'!C20)/('보험개발원 위험률'!C21-'보험개발원 위험률'!C20) -> 0.007082 | E74: ='보험개발원 위험률'!E20+('보험개발원 위험률'!E21-'보험개발원 위험률'!E20)*(C74-'보험개발원 위험률'!C20)/('보험개발원 위험률'!C21-'보험개발원 위험률'!C20) -> 0.00266 | F74: 선형보간 | G74: 65~70세 | H74: 5세 | I74: 2024-04-01 이후 | J74: https://www.kidi.or.kr/user/nd81768.do
A75: 사망률 | B75: 생존·사망률(제9회 경험생명표) | C75: 68 | D75: ='보험개발원 위험률'!D20+('보험개발원 위험률'!D21-'보험개발원 위험률'!D20)*(C75-'보험개발원 위험률'!C20)/('보험개발원 위험률'!C21-'보험개발원 위험률'!C20) -> 0.007838 | E75: ='보험개발원 위험률'!E20+('보험개발원 위험률'!E21-'보험개발원 위험률'!E20)*(C75-'보험개발원 위험률'!C20)/('보험개발원 위험률'!C21-'보험개발원 위험률'!C20) -> 0.00295 | F75: 선형보간 | G75: 65~70세 | H75: 5세 | I75: 2024-04-01 이후 | J75: https://www.kidi.or.kr/user/nd81768.do
A76: 사망률 | B76: 생존·사망률(제9회 경험생명표) | C76: 69 | D76: ='보험개발원 위험률'!D20+('보험개발원 위험률'!D21-'보험개발원 위험률'!D20)*(C76-'보험개발원 위험률'!C20)/('보험개발원 위험률'!C21-'보험개발원 위험률'!C20) -> 0.008594 | E76: ='보험개발원 위험률'!E20+('보험개발원 위험률'!E21-'보험개발원 위험률'!E20)*(C76-'보험개발원 위험률'!C20)/('보험개발원 위험률'!C21-'보험개발원 위험률'!C20) -> 0.00324 | F76: 선형보간 | G76: 65~70세 | H76: 5세 | I76: 2024-04-01 이후 | J76: https://www.kidi.or.kr/user/nd81768.do
A77: 사망률 | B77: 생존·사망률(제9회 경험생명표) | C77: 70 | D77: ='보험개발원 위험률'!D21 -> 0.00935 | E77: ='보험개발원 위험률'!E21 -> 0.00353 | F77: 원자료 | G77: 70세 원자료 | H77: 5세 | I77: 2024-04-01 이후 | J77: https://www.kidi.or.kr/user/nd81768.do
A78: 사망률 | B78: 생존·사망률(제9회 경험생명표) | C78: 71 | D78: ='보험개발원 위험률'!D21+('보험개발원 위험률'!D22-'보험개발원 위험률'!D21)*(C78-'보험개발원 위험률'!C21)/('보험개발원 위험률'!C22-'보험개발원 위험률'!C21) -> 0.010894 | E78: ='보험개발원 위험률'!E21+('보험개발원 위험률'!E22-'보험개발원 위험률'!E21)*(C78-'보험개발원 위험률'!C21)/('보험개발원 위험률'!C22-'보험개발원 위험률'!C21) -> 0.004282 | F78: 선형보간 | G78: 70~75세 | H78: 5세 | I78: 2024-04-01 이후 | J78: https://www.kidi.or.kr/user/nd81768.do
A79: 사망률 | B79: 생존·사망률(제9회 경험생명표) | C79: 72 | D79: ='보험개발원 위험률'!D21+('보험개발원 위험률'!D22-'보험개발원 위험률'!D21)*(C79-'보험개발원 위험률'!C21)/('보험개발원 위험률'!C22-'보험개발원 위험률'!C21) -> 0.012438 | E79: ='보험개발원 위험률'!E21+('보험개발원 위험률'!E22-'보험개발원 위험률'!E21)*(C79-'보험개발원 위험률'!C21)/('보험개발원 위험률'!C22-'보험개발원 위험률'!C21) -> 0.005034 | F79: 선형보간 | G79: 70~75세 | H79: 5세 | I79: 2024-04-01 이후 | J79: https://www.kidi.or.kr/user/nd81768.do
A80: 사망률 | B80: 생존·사망률(제9회 경험생명표) | C80: 73 | D80: ='보험개발원 위험률'!D21+('보험개발원 위험률'!D22-'보험개발원 위험률'!D21)*(C80-'보험개발원 위험률'!C21)/('보험개발원 위험률'!C22-'보험개발원 위험률'!C21) -> 0.013982 | E80: ='보험개발원 위험률'!E21+('보험개발원 위험률'!E22-'보험개발원 위험률'!E21)*(C80-'보험개발원 위험률'!C21)/('보험개발원 위험률'!C22-'보험개발원 위험률'!C21) -> 0.005786 | F80: 선형보간 | G80: 70~75세 | H80: 5세 | I80: 2024-04-01 이후 | J80: https://www.kidi.or.kr/user/nd81768.do
A81: 사망률 | B81: 생존·사망률(제9회 경험생명표) | C81: 74 | D81: ='보험개발원 위험률'!D21+('보험개발원 위험률'!D22-'보험개발원 위험률'!D21)*(C81-'보험개발원 위험률'!C21)/('보험개발원 위험률'!C22-'보험개발원 위험률'!C21) -> 0.015526 | E81: ='보험개발원 위험률'!E21+('보험개발원 위험률'!E22-'보험개발원 위험률'!E21)*(C81-'보험개발원 위험률'!C21)/('보험개발원 위험률'!C22-'보험개발원 위험률'!C21) -> 0.006538 | F81: 선형보간 | G81: 70~75세 | H81: 5세 | I81: 2024-04-01 이후 | J81: https://www.kidi.or.kr/user/nd81768.do
A82: 사망률 | B82: 생존·사망률(제9회 경험생명표) | C82: 75 | D82: ='보험개발원 위험률'!D22 -> 0.01707 | E82: ='보험개발원 위험률'!E22 -> 0.00729 | F82: 원자료 | G82: 75세 원자료 | H82: 5세 | I82: 2024-04-01 이후 | J82: https://www.kidi.or.kr/user/nd81768.do
A83: 사망률 | B83: 생존·사망률(제9회 경험생명표) | C83: 76 | D83: ='보험개발원 위험률'!D22+('보험개발원 위험률'!D23-'보험개발원 위험률'!D22)*(C83-'보험개발원 위험률'!C22)/('보험개발원 위험률'!C23-'보험개발원 위험률'!C22) -> 0.020056 | E83: ='보험개발원 위험률'!E22+('보험개발원 위험률'!E23-'보험개발원 위험률'!E22)*(C83-'보험개발원 위험률'!C22)/('보험개발원 위험률'!C23-'보험개발원 위험률'!C22) -> 0.00918 | F83: 선형보간 | G83: 75~80세 | H83: 5세 | I83: 2024-04-01 이후 | J83: https://www.kidi.or.kr/user/nd81768.do
A84: 사망률 | B84: 생존·사망률(제9회 경험생명표) | C84: 77 | D84: ='보험개발원 위험률'!D22+('보험개발원 위험률'!D23-'보험개발원 위험률'!D22)*(C84-'보험개발원 위험률'!C22)/('보험개발원 위험률'!C23-'보험개발원 위험률'!C22) -> 0.023042 | E84: ='보험개발원 위험률'!E22+('보험개발원 위험률'!E23-'보험개발원 위험률'!E22)*(C84-'보험개발원 위험률'!C22)/('보험개발원 위험률'!C23-'보험개발원 위험률'!C22) -> 0.01107 | F84: 선형보간 | G84: 75~80세 | H84: 5세 | I84: 2024-04-01 이후 | J84: https://www.kidi.or.kr/user/nd81768.do
A85: 사망률 | B85: 생존·사망률(제9회 경험생명표) | C85: 78 | D85: ='보험개발원 위험률'!D22+('보험개발원 위험률'!D23-'보험개발원 위험률'!D22)*(C85-'보험개발원 위험률'!C22)/('보험개발원 위험률'!C23-'보험개발원 위험률'!C22) -> 0.026028 | E85: ='보험개발원 위험률'!E22+('보험개발원 위험률'!E23-'보험개발원 위험률'!E22)*(C85-'보험개발원 위험률'!C22)/('보험개발원 위험률'!C23-'보험개발원 위험률'!C22) -> 0.01296 | F85: 선형보간 | G85: 75~80세 | H85: 5세 | I85: 2024-04-01 이후 | J85: https://www.kidi.or.kr/user/nd81768.do
A86: 사망률 | B86: 생존·사망률(제9회 경험생명표) | C86: 79 | D86: ='보험개발원 위험률'!D22+('보험개발원 위험률'!D23-'보험개발원 위험률'!D22)*(C86-'보험개발원 위험률'!C22)/('보험개발원 위험률'!C23-'보험개발원 위험률'!C22) -> 0.029014 | E86: ='보험개발원 위험률'!E22+('보험개발원 위험률'!E23-'보험개발원 위험률'!E22)*(C86-'보험개발원 위험률'!C22)/('보험개발원 위험률'!C23-'보험개발원 위험률'!C22) -> 0.01485 | F86: 선형보간 | G86: 75~80세 | H86: 5세 | I86: 2024-04-01 이후 | J86: https://www.kidi.or.kr/user/nd81768.do
A87: 사망률 | B87: 생존·사망률(제9회 경험생명표) | C87: 80 | D87: ='보험개발원 위험률'!D23 -> 0.032 | E87: ='보험개발원 위험률'!E23 -> 0.01674 | F87: 원자료 | G87: 80세 원자료 | H87: 5세 | I87: 2024-04-01 이후 | J87: https://www.kidi.or.kr/user/nd81768.do
A88: 사망률 | B88: 생존·사망률(제9회 경험생명표) | C88: 81 | D88: ='보험개발원 위험률'!D23+('보험개발원 위험률'!D24-'보험개발원 위험률'!D23)*(C88-'보험개발원 위험률'!C23)/('보험개발원 위험률'!C24-'보험개발원 위험률'!C23) -> 0.036206 | E88: ='보험개발원 위험률'!E23+('보험개발원 위험률'!E24-'보험개발원 위험률'!E23)*(C88-'보험개발원 위험률'!C23)/('보험개발원 위험률'!C24-'보험개발원 위험률'!C23) -> 0.020252 | F88: 선형보간 | G88: 80~85세 | H88: 5세 | I88: 2024-04-01 이후 | J88: https://www.kidi.or.kr/user/nd81768.do
A89: 사망률 | B89: 생존·사망률(제9회 경험생명표) | C89: 82 | D89: ='보험개발원 위험률'!D23+('보험개발원 위험률'!D24-'보험개발원 위험률'!D23)*(C89-'보험개발원 위험률'!C23)/('보험개발원 위험률'!C24-'보험개발원 위험률'!C23) -> 0.040412 | E89: ='보험개발원 위험률'!E23+('보험개발원 위험률'!E24-'보험개발원 위험률'!E23)*(C89-'보험개발원 위험률'!C23)/('보험개발원 위험률'!C24-'보험개발원 위험률'!C23) -> 0.023764 | F89: 선형보간 | G89: 80~85세 | H89: 5세 | I89: 2024-04-01 이후 | J89: https://www.kidi.or.kr/user/nd81768.do
A90: 사망률 | B90: 생존·사망률(제9회 경험생명표) | C90: 83 | D90: ='보험개발원 위험률'!D23+('보험개발원 위험률'!D24-'보험개발원 위험률'!D23)*(C90-'보험개발원 위험률'!C23)/('보험개발원 위험률'!C24-'보험개발원 위험률'!C23) -> 0.044618 | E90: ='보험개발원 위험률'!E23+('보험개발원 위험률'!E24-'보험개발원 위험률'!E23)*(C90-'보험개발원 위험률'!C23)/('보험개발원 위험률'!C24-'보험개발원 위험률'!C23) -> 0.027276 | F90: 선형보간 | G90: 80~85세 | H90: 5세 | I90: 2024-04-01 이후 | J90: https://www.kidi.or.kr/user/nd81768.do
A91: 사망률 | B91: 생존·사망률(제9회 경험생명표) | C91: 84 | D91: ='보험개발원 위험률'!D23+('보험개발원 위험률'!D24-'보험개발원 위험률'!D23)*(C91-'보험개발원 위험률'!C23)/('보험개발원 위험률'!C24-'보험개발원 위험률'!C23) -> 0.048824 | E91: ='보험개발원 위험률'!E23+('보험개발원 위험률'!E24-'보험개발원 위험률'!E23)*(C91-'보험개발원 위험률'!C23)/('보험개발원 위험률'!C24-'보험개발원 위험률'!C23) -> 0.030788 | F91: 선형보간 | G91: 80~85세 | H91: 5세 | I91: 2024-04-01 이후 | J91: https://www.kidi.or.kr/user/nd81768.do
A92: 사망률 | B92: 생존·사망률(제9회 경험생명표) | C92: 85 | D92: ='보험개발원 위험률'!D24 -> 0.05303 | E92: ='보험개발원 위험률'!E24 -> 0.0343 | F92: 원자료 | G92: 85세 원자료 | H92: 5세 | I92: 2024-04-01 이후 | J92: https://www.kidi.or.kr/user/nd81768.do
A93: 사망률 | B93: 생존·사망률(제9회 경험생명표) | C93: 86 | D93: ='보험개발원 위험률'!D24+('보험개발원 위험률'!D25-'보험개발원 위험률'!D24)*(C93-'보험개발원 위험률'!C24)/('보험개발원 위험률'!C25-'보험개발원 위험률'!C24) -> 0.059872 | E93: ='보험개발원 위험률'!E24+('보험개발원 위험률'!E25-'보험개발원 위험률'!E24)*(C93-'보험개발원 위험률'!C24)/('보험개발원 위험률'!C25-'보험개발원 위험률'!C24) -> 0.04136 | F93: 선형보간 | G93: 85~90세 | H93: 5세 | I93: 2024-04-01 이후 | J93: https://www.kidi.or.kr/user/nd81768.do
A94: 사망률 | B94: 생존·사망률(제9회 경험생명표) | C94: 87 | D94: ='보험개발원 위험률'!D24+('보험개발원 위험률'!D25-'보험개발원 위험률'!D24)*(C94-'보험개발원 위험률'!C24)/('보험개발원 위험률'!C25-'보험개발원 위험률'!C24) -> 0.066714 | E94: ='보험개발원 위험률'!E24+('보험개발원 위험률'!E25-'보험개발원 위험률'!E24)*(C94-'보험개발원 위험률'!C24)/('보험개발원 위험률'!C25-'보험개발원 위험률'!C24) -> 0.04842 | F94: 선형보간 | G94: 85~90세 | H94: 5세 | I94: 2024-04-01 이후 | J94: https://www.kidi.or.kr/user/nd81768.do
A95: 사망률 | B95: 생존·사망률(제9회 경험생명표) | C95: 88 | D95: ='보험개발원 위험률'!D24+('보험개발원 위험률'!D25-'보험개발원 위험률'!D24)*(C95-'보험개발원 위험률'!C24)/('보험개발원 위험률'!C25-'보험개발원 위험률'!C24) -> 0.073556 | E95: ='보험개발원 위험률'!E24+('보험개발원 위험률'!E25-'보험개발원 위험률'!E24)*(C95-'보험개발원 위험률'!C24)/('보험개발원 위험률'!C25-'보험개발원 위험률'!C24) -> 0.05548 | F95: 선형보간 | G95: 85~90세 | H95: 5세 | I95: 2024-04-01 이후 | J95: https://www.kidi.or.kr/user/nd81768.do
A96: 사망률 | B96: 생존·사망률(제9회 경험생명표) | C96: 89 | D96: ='보험개발원 위험률'!D24+('보험개발원 위험률'!D25-'보험개발원 위험률'!D24)*(C96-'보험개발원 위험률'!C24)/('보험개발원 위험률'!C25-'보험개발원 위험률'!C24) -> 0.080398 | E96: ='보험개발원 위험률'!E24+('보험개발원 위험률'!E25-'보험개발원 위험률'!E24)*(C96-'보험개발원 위험률'!C24)/('보험개발원 위험률'!C25-'보험개발원 위험률'!C24) -> 0.06254 | F96: 선형보간 | G96: 85~90세 | H96: 5세 | I96: 2024-04-01 이후 | J96: https://www.kidi.or.kr/user/nd81768.do
A97: 사망률 | B97: 생존·사망률(제9회 경험생명표) | C97: 90 | D97: ='보험개발원 위험률'!D25 -> 0.08724 | E97: ='보험개발원 위험률'!E25 -> 0.0696 | F97: 원자료 | G97: 90세 원자료 | H97: 5세 | I97: 2024-04-01 이후 | J97: https://www.kidi.or.kr/user/nd81768.do
A98: 사망률 | B98: 생존·사망률(제9회 경험생명표) | C98: 91 | D98: ='보험개발원 위험률'!D25+('보험개발원 위험률'!D26-'보험개발원 위험률'!D25)*(C98-'보험개발원 위험률'!C25)/('보험개발원 위험률'!C26-'보험개발원 위험률'!C25) -> 0.096868 | E98: ='보험개발원 위험률'!E25+('보험개발원 위험률'!E26-'보험개발원 위험률'!E25)*(C98-'보험개발원 위험률'!C25)/('보험개발원 위험률'!C26-'보험개발원 위험률'!C25) -> 0.082262 | F98: 선형보간 | G98: 90~95세 | H98: 5세 | I98: 2024-04-01 이후 | J98: https://www.kidi.or.kr/user/nd81768.do
A99: 사망률 | B99: 생존·사망률(제9회 경험생명표) | C99: 92 | D99: ='보험개발원 위험률'!D25+('보험개발원 위험률'!D26-'보험개발원 위험률'!D25)*(C99-'보험개발원 위험률'!C25)/('보험개발원 위험률'!C26-'보험개발원 위험률'!C25) -> 0.106496 | E99: ='보험개발원 위험률'!E25+('보험개발원 위험률'!E26-'보험개발원 위험률'!E25)*(C99-'보험개발원 위험률'!C25)/('보험개발원 위험률'!C26-'보험개발원 위험률'!C25) -> 0.094924 | F99: 선형보간 | G99: 90~95세 | H99: 5세 | I99: 2024-04-01 이후 | J99: https://www.kidi.or.kr/user/nd81768.do
A100: 사망률 | B100: 생존·사망률(제9회 경험생명표) | C100: 93 | D100: ='보험개발원 위험률'!D25+('보험개발원 위험률'!D26-'보험개발원 위험률'!D25)*(C100-'보험개발원 위험률'!C25)/('보험개발원 위험률'!C26-'보험개발원 위험률'!C25) -> 0.116124 | E100: ='보험개발원 위험률'!E25+('보험개발원 위험률'!E26-'보험개발원 위험률'!E25)*(C100-'보험개발원 위험률'!C25)/('보험개발원 위험률'!C26-'보험개발원 위험률'!C25) -> 0.107586 | F100: 선형보간 | G100: 90~95세 | H100: 5세 | I100: 2024-04-01 이후 | J100: https://www.kidi.or.kr/user/nd81768.do
A101: 사망률 | B101: 생존·사망률(제9회 경험생명표) | C101: 94 | D101: ='보험개발원 위험률'!D25+('보험개발원 위험률'!D26-'보험개발원 위험률'!D25)*(C101-'보험개발원 위험률'!C25)/('보험개발원 위험률'!C26-'보험개발원 위험률'!C25) -> 0.125752 | E101: ='보험개발원 위험률'!E25+('보험개발원 위험률'!E26-'보험개발원 위험률'!E25)*(C101-'보험개발원 위험률'!C25)/('보험개발원 위험률'!C26-'보험개발원 위험률'!C25) -> 0.120248 | F101: 선형보간 | G101: 90~95세 | H101: 5세 | I101: 2024-04-01 이후 | J101: https://www.kidi.or.kr/user/nd81768.do
A102: 사망률 | B102: 생존·사망률(제9회 경험생명표) | C102: 95 | D102: ='보험개발원 위험률'!D26 -> 0.13538 | E102: ='보험개발원 위험률'!E26 -> 0.13291 | F102: 원자료 | G102: 95세 원자료 | H102: 5세 | I102: 2024-04-01 이후 | J102: https://www.kidi.or.kr/user/nd81768.do
...

Sheet 계리기호
A1: 질병별·성별 계리기호 (0~80세)
A3: 예정이율(연) | B3: 0.021 | D3: 할인계수 v | E3: =1/(1+$B$3) -> 0.97943193 | G3: 기준계약수 l₀ | H3: 100000 | J3: 계산연령 | K3: 0~80세 | M3: 진단보험금 지급 | N3: 기말 | P3: 보험료 납입 | Q3: 기초
A4: 계산가정: 사망과 해당 질병 진단을 경쟁탈퇴로 반영합니다. 유효 진단률=(1−사망률)×질병발생률, 유지율=(1−사망률)×(1−질병발생률). 진단보험금은 기말 지급이므로 Cₓ=v^(x+1)·dₓ이며, Nₓ와 Mₓ는 80세까지 후방누계합니다.
A5: 암 · 남자 | L5: 암 · 여자 | W5: 뇌졸중 · 남자 | AH5: 뇌졸중 · 여자 | AS5: 급성심근경색 · 남자 | BD5: 급성심근경색 · 여자
A6: 연령 x | B6: 사망률 qₓ | C6: 질병발생률 iₓ | D6: 유효 진단률 qₓᵈ | E6: lₓ | F6: dₓᵈ | G6: Dₓ | H6: Cₓᵈ | I6: Nₓ | J6: Mₓᵈ | L6: 연령 x | M6: 사망률 qₓ | N6: 질병발생률 iₓ | O6: 유효 진단률 qₓᵈ | P6: lₓ | Q6: dₓᵈ | R6: Dₓ | S6: Cₓᵈ | T6: Nₓ | U6: Mₓᵈ | W6: 연령 x | X6: 사망률 qₓ | Y6: 질병발생률 iₓ | Z6: 유효 진단률 qₓᵈ | AA6: lₓ | AB6: dₓᵈ | AC6: Dₓ | AD6: Cₓᵈ | AE6: Nₓ | AF6: Mₓᵈ | AH6: 연령 x | AI6: 사망률 qₓ | AJ6: 질병발생률 iₓ | AK6: 유효 진단률 qₓᵈ | AL6: lₓ | AM6: dₓᵈ | AN6: Dₓ | AO6: Cₓᵈ | AP6: Nₓ | AQ6: Mₓᵈ | AS6: 연령 x | AT6: 사망률 qₓ | AU6: 질병발생률 iₓ | AV6: 유효 진단률 qₓᵈ | AW6: lₓ | AX6: dₓᵈ | AY6: Dₓ | AZ6: Cₓᵈ | BA6: Nₓ | BB6: Mₓᵈ | BD6: 연령 x | BE6: 사망률 qₓ | BF6: 질병발생률 iₓ | BG6: 유효 진단률 qₓᵈ | BH6: lₓ | BI6: dₓᵈ | BJ6: Dₓ | BK6: Cₓᵈ | BL6: Nₓ | BM6: Mₓᵈ
A7: 0 | B7: ='보험개발원 위험률(1세)'!D7 -> 0.00156 | C7: ='보험개발원 위험률(1세)'!D209 -> 0.000419 | D7: =(1-B7)*C7 -> 0.00041834636 | E7: =$H$3 -> 100000 | F7: =E7*D7 -> 41.834636 | G7: =$E$3^A7*E7 -> 100000 | H7: =$E$3^(A7+1)*F7 -> 40.974178 | I7: =G7+I8 -> 3729195.7 | J7: =H7+J8 -> 9354.5522 | L7: 0 | M7: ='보험개발원 위험률(1세)'!E7 -> 0.00145 | N7: ='보험개발원 위험률(1세)'!E209 -> 0.00039 | O7: =(1-M7)*N7 -> 0.0003894345 | P7: =$H$3 -> 100000 | Q7: =P7*O7 -> 38.94345 | R7: =$E$3^L7*P7 -> 100000 | S7: =$E$3^(L7+1)*Q7 -> 38.142458 | T7: =R7+T8 -> 3720791.8 | U7: =S7+U8 -> 9045.9239 | W7: 0 | X7: ='보험개발원 위험률(1세)'!D7 -> 0.00156 | Y7: ='보험개발원 위험률(1세)'!D290 -> 0.000289 | Z7: =(1-X7)*Y7 -> 0.00028854916 | AA7: =$H$3 -> 100000 | AB7: =AA7*Z7 -> 28.854916 | AC7: =$E$3^W7*AA7 -> 100000 | AD7: =$E$3^(W7+1)*AB7 -> 28.261426 | AE7: =AC7+AE8 -> 3816634.6 | AF7: =AD7+AF8 -> 3636.2213 | AH7: 0 | AI7: ='보험개발원 위험률(1세)'!E7 -> 0.00145 | AJ7: ='보험개발원 위험률(1세)'!E290 -> 0.0002 | AK7: =(1-AI7)*AJ7 -> 0.00019971 | AL7: =$H$3 -> 100000 | AM7: =AL7*AK7 -> 19.971 | AN7: =$E$3^AH7*AL7 -> 100000 | AO7: =$E$3^(AH7+1)*AM7 -> 19.560235 | AP7: =AN7+AP8 -> 3868727.1 | AQ7: =AO7+AQ8 -> 2567.2469 | AS7: 0 | AT7: ='보험개발원 위험률(1세)'!D7 -> 0.00156 | AU7: ='보험개발원 위험률(1세)'!D371 -> 2e-06 | AV7: =(1-AT7)*AU7 -> 1.99688e-06 | AW7: =$H$3 -> 100000 | AX7: =AW7*AV7 -> 0.199688 | AY7: =$E$3^AS7*AW7 -> 100000 | AZ7: =$E$3^(AS7+1)*AX7 -> 0.1955808 | BA7: =AY7+BA8 -> 3848881.5 | BB7: =AZ7+BB8 -> 1415.097 | BD7: 0 | BE7: ='보험개발원 위험률(1세)'!E7 -> 0.00145 | BF7: ='보험개발원 위험률(1세)'!E371 -> 3e-06 | BG7: =(1-BE7)*BF7 -> 2.99565e-06 | BH7: =$H$3 -> 100000 | BI7: =BH7*BG7 -> 0.299565 | BJ7: =$E$3^BD7*BH7 -> 100000 | BK7: =$E$3^(BD7+1)*BI7 -> 0.29340353 | BL7: =BJ7+BL8 -> 3901144 | BM7: =BK7+BM8 -> 371.94971
A8: 1 | B8: ='보험개발원 위험률(1세)'!D8 -> 0.001256 | C8: ='보험개발원 위험률(1세)'!D210 -> 0.0003917 | D8: =(1-B8)*C8 -> 0.00039120802 | E8: =E7*(1-B7)*(1-C7) -> 99802.165 | F8: =E8*D8 -> 39.043408 | G8: =$E$3^A8*E8 -> 97749.427 | H8: =$E$3^(A8+1)*F8 -> 37.45383 | I8: =G8+I9 -> 3629195.7 | J8: =H8+J9 -> 9313.578 | L8: 1 | M8: ='보험개발원 위험률(1세)'!E8 -> 0.001168 | N8: ='보험개발원 위험률(1세)'!E210 -> 0.0003664 | O8: =(1-M8)*N8 -> 0.00036597204 | P8: =P7*(1-M7)*(1-N7) -> 99816.057 | Q8: =P8*O8 -> 36.529886 | R8: =$E$3^L8*P8 -> 97763.033 | S8: =$E$3^(L8+1)*Q8 -> 35.042642 | T8: =R8+T9 -> 3620791.8 | U8: =S8+U9 -> 9007.7815 | W8: 1 | X8: ='보험개발원 위험률(1세)'!D8 -> 0.001256 | Y8: ='보험개발원 위험률(1세)'!D291 -> 0.0002629 | Z8: =(1-X8)*Y8 -> 0.0002625698 | AA8: =AA7*(1-X7)*(1-Y7) -> 99815.145 | AB8: =AA8*Z8 -> 26.208442 | AC8: =$E$3^W8*AA8 -> 97762.14 | AD8: =$E$3^(W8+1)*AB8 -> 25.141416 | AE8: =AC8+AE9 -> 3716634.6 | AF8: =AD8+AF9 -> 3607.9599 | AH8: 1 | AI8: ='보험개발원 위험률(1세)'!E8 -> 0.001168 | AJ8: ='보험개발원 위험률(1세)'!E291 -> 0.0001824 | AK8: =(1-AI8)*AJ8 -> 0.00018218696 | AL8: =AL7*(1-AI7)*(1-AJ7) -> 99835.029 | AM8: =AL8*AK8 -> 18.18864 | AN8: =$E$3^AH8*AL8 -> 97781.615 | AO8: =$E$3^(AH8+1)*AM8 -> 17.448124 | AP8: =AN8+AP9 -> 3768727.1 | AQ8: =AO8+AQ9 -> 2547.6866 | AS8: 1 | AT8: ='보험개발원 위험률(1세)'!D8 -> 0.001256 | AU8: ='보험개발원 위험률(1세)'!D372 -> 2.1e-06 | AV8: =(1-AT8)*AU8 -> 2.0973624e-06 | AW8: =AW7*(1-AT7)*(1-AU7) -> 99843.8 | AX8: =AW8*AV8 -> 0.20940863 | AY8: =$E$3^AS8*AW8 -> 97790.206 | AZ8: =$E$3^(AS8+1)*AX8 -> 0.20088296 | BA8: =AY8+BA9 -> 3748881.5 | BB8: =AZ8+BB9 -> 1414.9014 | BD8: 1 | BE8: ='보험개발원 위험률(1세)'!E8 -> 0.001168 | BF8: ='보험개발원 위험률(1세)'!E372 -> 2.8e-06 | BG8: =(1-BE8)*BF8 -> 2.7967296e-06 | BH8: =BH7*(1-BE7)*(1-BF7) -> 99854.7 | BI8: =BH8*BG8 -> 0.2792666 | BJ8: =$E$3^BD8*BH8 -> 97800.882 | BK8: =$E$3^(BD8+1)*BI8 -> 0.26789679 | BL8: =BJ8+BL9 -> 3801144 | BM8: =BK8+BM9 -> 371.65631
A9: 2 | B9: ='보험개발원 위험률(1세)'!D9 -> 0.000952 | C9: ='보험개발원 위험률(1세)'!D211 -> 0.0003644 | D9: =(1-B9)*C9 -> 0.00036405309 | E9: =E8*(1-B8)*(1-C8) -> 99637.77 | F9: =E9*D9 -> 36.273438 | G9: =$E$3^A9*E9 -> 95581.208 | H9: =$E$3^(A9+1)*F9 -> 34.080935 | I9: =G9+I10 -> 3531446.3 | J9: =H9+J10 -> 9276.1241 | L9: 2 | M9: ='보험개발원 위험률(1세)'!E9 -> 0.000886 | N9: ='보험개발원 위험률(1세)'!E211 -> 0.0003428 | O9: =(1-M9)*N9 -> 0.00034249628 | P9: =P8*(1-M8)*(1-N8) -> 99662.942 | Q9: =P9*O9 -> 34.134187 | R9: =$E$3^L9*P9 -> 95605.355 | S9: =$E$3^(L9+1)*Q9 -> 32.070988 | T9: =R9+T10 -> 3523028.7 | U9: =S9+U10 -> 8972.7388 | W9: 2 | X9: ='보험개발원 위험률(1세)'!D9 -> 0.000952 | Y9: ='보험개발원 위험률(1세)'!D292 -> 0.0002368 | Z9: =(1-X9)*Y9 -> 0.00023657457 | AA9: =AA8*(1-X8)*(1-Y8) -> 99663.569 | AB9: =AA9*Z9 -> 23.577866 | AC9: =$E$3^W9*AA9 -> 95605.956 | AD9: =$E$3^(W9+1)*AB9 -> 22.15273 | AE9: =AC9+AE10 -> 3618872.4 | AF9: =AD9+AF10 -> 3582.8184 | AH9: 2 | AI9: ='보험개발원 위험률(1세)'!E9 -> 0.000886 | AJ9: ='보험개발원 위험률(1세)'!E292 -> 0.0001648 | AK9: =(1-AI9)*AJ9 -> 0.00016465399 | AL9: =AL8*(1-AI8)*(1-AJ8) -> 99700.233 | AM9: =AL9*AK9 -> 16.416041 | AN9: =$E$3^AH9*AL9 -> 95641.128 | AO9: =$E$3^(AH9+1)*AM9 -> 15.423793 | AP9: =AN9+AP10 -> 3670945.4 | AQ9: =AO9+AQ10 -> 2530.2385 | AS9: 2 | AT9: ='보험개발원 위험률(1세)'!D9 -> 0.000952 | AU9: ='보험개발원 위험률(1세)'!D373 -> 2.2e-06 | AV9: =(1-AT9)*AU9 -> 2.1979056e-06 | AW9: =AW8*(1-AT8)*(1-AU8) -> 99718.187 | AX9: =AW9*AV9 -> 0.21917116 | AY9: =$E$3^AS9*AW9 -> 95658.351 | AZ9: =$E$3^(AS9+1)*AX9 -> 0.20592363 | BA9: =AY9+BA10 -> 3651091.3 | BB9: =AZ9+BB10 -> 1414.7005 | BD9: 2 | BE9: ='보험개발원 위험률(1세)'!E9 -> 0.000886 | BF9: ='보험개발원 위험률(1세)'!E373 -> 2.6e-06 | BG9: =(1-BE9)*BF9 -> 2.5976964e-06 | BH9: =BH8*(1-BE8)*(1-BF8) -> 99737.791 | BI9: =BH9*BG9 -> 0.2590885 | BJ9: =$E$3^BD9*BH9 -> 95677.157 | BK9: =$E$3^(BD9+1)*BI9 -> 0.24342821 | BL9: =BJ9+BL10 -> 3703343.1 | BM9: =BK9+BM10 -> 371.38841
A10: 3 | B10: ='보험개발원 위험률(1세)'!D10 -> 0.000648 | C10: ='보험개발원 위험률(1세)'!D212 -> 0.0003371 | D10: =(1-B10)*C10 -> 0.00033688156 | E10: =E9*(1-B9)*(1-C9) -> 99506.642 | F10: =E10*D10 -> 33.521953 | G10: =$E$3^A10*E10 -> 93492.085 | H10: =$E$3^(A10+1)*F10 -> 30.847952 | I10: =G10+I11 -> 3435865.1 | J10: =H10+J11 -> 9242.0432 | L10: 3 | M10: ='보험개발원 위험률(1세)'!E10 -> 0.000604 | N10: ='보험개발원 위험률(1세)'!E212 -> 0.0003192 | O10: =(1-M10)*N10 -> 0.0003190072 | P10: =P9*(1-M9)*(1-N9) -> 99540.506 | Q10: =P10*O10 -> 31.754138 | R10: =$E$3^L10*P10 -> 93523.902 | S10: =$E$3^(L10+1)*Q10 -> 29.221154 | T10: =R10+T11 -> 3427423.4 | U10: =S10+U11 -> 8940.6678 | W10: 3 | X10: ='보험개발원 위험률(1세)'!D10 -> 0.000648 | Y10: ='보험개발원 위험률(1세)'!D293 -> 0.0002107 | Z10: =(1-X10)*Y10 -> 0.00021056347 | AA10: =AA9*(1-X9)*(1-Y9) -> 99545.111 | AB10: =AA10*Z10 -> 20.960564 | AC10: =$E$3^W10*AA10 -> 93528.229 | AD10: =$E$3^(W10+1)*AB10 -> 19.288568 | AE10: =AC10+AE11 -> 3523266.5 | AF10: =AD10+AF11 -> 3560.6657 | AH10: 3 | AI10: ='보험개발원 위험률(1세)'!E10 -> 0.000604 | AJ10: ='보험개발원 위험률(1세)'!E293 -> 0.0001472 | AK10: =(1-AI10)*AJ10 -> 0.00014711109 | AL10: =AL9*(1-AI9)*(1-AJ9) -> 99595.483 | AM10: =AL10*AK10 -> 14.6516 | AN10: =$E$3^AH10*AL10 -> 93575.556 | AO10: =$E$3^(AH10+1)*AM10 -> 13.482862 | AP10: =AN10+AP11 -> 3575304.3 | AQ10: =AO10+AQ11 -> 2514.8147 | AS10: 3 | AT10: ='보험개발원 위험률(1세)'!D10 -> 0.000648 | AU10: ='보험개발원 위험률(1세)'!D374 -> 2.3e-06 | AV10: =(1-AT10)*AU10 -> 2.2985096e-06 | AW10: =AW9*(1-AT9)*(1-AU9) -> 99623.036 | AX10: =AW10*AV10 -> 0.22898451 | AY10: =$E$3^AS10*AW10 -> 93601.444 | AZ10: =$E$3^(AS10+1)*AX10 -> 0.21071872 | BA10: =AY10+BA11 -> 3555433 | BB10: =AZ10+BB11 -> 1414.4946 | BD10: 3 | BE10: ='보험개발원 위험률(1세)'!E10 -> 0.000604 | BF10: ='보험개발원 위험률(1세)'!E374 -> 2.4e-06 | BG10: =(1-BE10)*BF10 -> 2.3985504e-06 | BH10: =BH9*(1-BE9)*(1-BF9) -> 99649.164 | BI10: =BH10*BG10 -> 0.23901354 | BJ10: =$E$3^BD10*BH10 -> 93625.992 | BK10: =$E$3^(BD10+1)*BI10 -> 0.21994776 | BL10: =BJ10+BL11 -> 3607665.9 | BM10: =BK10+BM11 -> 371.14498
A11: 4 | B11: ='보험개발원 위험률(1세)'!D11 -> 0.000344 | C11: ='보험개발원 위험률(1세)'!D213 -> 0.0003098 | D11: =(1-B11)*C11 -> 0.00030969343 | E11: =E10*(1-B10)*(1-C10) -> 99408.64 | F11: =E11*D11 -> 30.786202 | G11: =$E$3^A11*E11 -> 91478.948 | H11: =$E$3^(A11+1)*F11 -> 27.747727 | I11: =G11+I12 -> 3342373 | J11: =H11+J12 -> 9211.1953 | L11: 4 | M11: ='보험개발원 위험률(1세)'!E11 -> 0.000322 | N11: ='보험개발원 위험률(1세)'!E213 -> 0.0002956 | O11: =(1-M11)*N11 -> 0.00029550482 | P11: =P10*(1-M10)*(1-N10) -> 99448.629 | Q11: =P11*O11 -> 29.387549 | R11: =$E$3^L11*P11 -> 91515.748 | S11: =$E$3^(L11+1)*Q11 -> 26.487115 | T11: =R11+T12 -> 3333899.5 | U11: =S11+U12 -> 8911.4467 | W11: 4 | X11: ='보험개발원 위험률(1세)'!D11 -> 0.000344 | Y11: ='보험개발원 위험률(1세)'!D294 -> 0.0001846 | Z11: =(1-X11)*Y11 -> 0.0001845365 | AA11: =AA10*(1-X10)*(1-Y10) -> 99459.645 | AB11: =AA11*Z11 -> 18.353935 | AC11: =$E$3^W11*AA11 -> 91525.885 | AD11: =$E$3^(W11+1)*AB11 -> 16.542474 | AE11: =AC11+AE12 -> 3429738.2 | AF11: =AD11+AF12 -> 3541.3771 | AH11: 4 | AI11: ='보험개발원 위험률(1세)'!E11 -> 0.000322 | AJ11: ='보험개발원 위험률(1세)'!E294 -> 0.0001296 | AK11: =(1-AI11)*AJ11 -> 0.00012955827 | AL11: =AL10*(1-AI10)*(1-AJ10) -> 99520.675 | AM11: =AL11*AK11 -> 12.893726 | AN11: =$E$3^AH11*AL11 -> 91582.047 | AO11: =$E$3^(AH11+1)*AM11 -> 11.621167 | AP11: =AN11+AP12 -> 3481728.8 | AQ11: =AO11+AQ12 -> 2501.3318 | AS11: 4 | AT11: ='보험개발원 위험률(1세)'!D11 -> 0.000344 | AU11: ='보험개발원 위험률(1세)'!D375 -> 2.4e-06 | AV11: =(1-AT11)*AU11 -> 2.3991744e-06 | AW11: =AW10*(1-AT10)*(1-AU10) -> 99558.251 | AX11: =AW11*AV11 -> 0.23885761 | AY11: =$E$3^AS11*AW11 -> 91616.626 | AZ11: =$E$3^(AS11+1)*AX11 -> 0.21528331 | BA11: =AY11+BA12 -> 3461831.5 | BB11: =AZ11+BB12 -> 1414.2839 | BD11: 4 | BE11: ='보험개발원 위험률(1세)'!E11 -> 0.000322 | BF11: ='보험개발원 위험률(1세)'!E375 -> 2.2e-06 | BG11: =(1-BE11)*BF11 -> 2.1992916e-06 | BH11: =BH10*(1-BE10)*(1-BF10) -> 99588.737 | BI11: =BH11*BG11 -> 0.21902467 | BJ11: =$E$3^BD11*BH11 -> 91644.679 | BK11: =$E$3^(BD11+1)*BI11 -> 0.19740781 | BL11: =BJ11+BL12 -> 3514039.9 | BM11: =BK11+BM12 -> 370.92503
A12: 5 | B12: ='보험개발원 위험률(1세)'!D12 -> 4e-05 | C12: ='보험개발원 위험률(1세)'!D214 -> 0.0002825 | D12: =(1-B12)*C12 -> 0.0002824887 | E12: =E11*(1-B11)*(1-C11) -> 99343.657 | F12: =E12*D12 -> 28.06346 | G12: =$E$3^A12*E12 -> 89538.833 | H12: =$E$3^(A12+1)*F12 -> 24.773466 | I12: =G12+I13 -> 3250894 | J12: =H12+J13 -> 9183.4475 | L12: 5 | M12: ='보험개발원 위험률(1세)'!E12 -> 4e-05 | N12: ='보험개발원 위험률(1세)'!E214 -> 0.000272 | O12: =(1-M12)*N12 -> 0.00027198912 | P12: =P11*(1-M11)*(1-N11) -> 99387.219 | Q12: =P12*O12 -> 27.032242 | R12: =$E$3^L12*P12 -> 89578.097 | S12: =$E$3^(L12+1)*Q12 -> 23.863142 | T12: =R12+T13 -> 3242383.7 | U12: =S12+U13 -> 8884.9596 | W12: 5 | X12: ='보험개발원 위험률(1세)'!D12 -> 4e-05 | Y12: ='보험개발원 위험률(1세)'!D295 -> 0.0001585 | Z12: =(1-X12)*Y12 -> 0.00015849366 | AA12: =AA11*(1-X11)*(1-Y11) -> 99407.077 | AB12: =AA12*Z12 -> 15.755392 | AC12: =$E$3^W12*AA12 -> 89595.995 | AD12: =$E$3^(W12+1)*AB12 -> 13.908322 | AE12: =AC12+AE13 -> 3338212.4 | AF12: =AD12+AF13 -> 3524.8347 | AH12: 5 | AI12: ='보험개발원 위험률(1세)'!E12 -> 4e-05 | AJ12: ='보험개발원 위험률(1세)'!E295 -> 0.000112 | AK12: =(1-AI12)*AJ12 -> 0.00011199552 | AL12: =AL11*(1-AI11)*(1-AJ11) -> 99475.736 | AM12: =AL12*AK12 -> 11.140837 | AN12: =$E$3^AH12*AL12 -> 89657.877 | AO12: =$E$3^(AH12+1)*AM12 -> 9.8347508 | AP12: =AN12+AP13 -> 3390146.7 | AQ12: =AO12+AQ13 -> 2489.7107 | AS12: 5 | AT12: ='보험개발원 위험률(1세)'!D12 -> 4e-05 | AU12: ='보험개발원 위험률(1세)'!D376 -> 2.5e-06 | AV12: =(1-AT12)*AU12 -> 2.4999e-06 | AW12: =AW11*(1-AT11)*(1-AU11) -> 99523.765 | AX12: =AW12*AV12 -> 0.24879946 | AY12: =$E$3^AS12*AW12 -> 89701.165 | AZ12: =$E$3^(AS12+1)*AX12 -> 0.21963168 | BA12: =AY12+BA13 -> 3370214.9 | BB12: =AZ12+BB13 -> 1414.0686 | BD12: 5 | BE12: ='보험개발원 위험률(1세)'!E12 -> 4e-05 | BF12: ='보험개발원 위험률(1세)'!E376 -> 2e-06 | BG12: =(1-BE12)*BF12 -> 1.99992e-06 | BH12: =BH11*(1-BE11)*(1-BF11) -> 99556.45 | BI12: =BH12*BG12 -> 0.19910494 | BJ12: =$E$3^BD12*BH12 -> 89730.625 | BK12: =$E$3^(BD12+1)*BI12 -> 0.17576305 | BL12: =BJ12+BL13 -> 3422395.3 | BM12: =BK12+BM13 -> 370.72763
A13: 6 | B13: ='보험개발원 위험률(1세)'!D13 -> 3.8e-05 | C13: ='보험개발원 위험률(1세)'!D215 -> 0.0002552 | D13: =(1-B13)*C13 -> 0.0002551903 | E13: =E12*(1-B12)*(1-C12) -> 99311.62 | F13: =E13*D13 -> 25.343362 | G13: =$E$3^A13*E13 -> 87668.911 | H13: =$E$3^(A13+1)*F13 -> 21.912102 | I13: =G13+I14 -> 3161355.2 | J13: =H13+J14 -> 9158.6741 | L13: 6 | M13: ='보험개발원 위험률(1세)'!E13 -> 3.8e-05 | N13: ='보험개발원 위험률(1세)'!E215 -> 0.0002484 | O13: =(1-M13)*N13 -> 0.00024839056 | P13: =P12*(1-M12)*(1-N12) -> 99356.212 | Q13: =P13*O13 -> 24.679145 | R13: =$E$3^L13*P13 -> 87708.275 | S13: =$E$3^(L13+1)*Q13 -> 21.337814 | T13: =R13+T14 -> 3152805.6 | U13: =S13+U14 -> 8861.0964 | W13: 6 | X13: ='보험개발원 위험률(1세)'!D13 -> 3.8e-05 | Y13: ='보험개발원 위험률(1세)'!D296 -> 0.0001324 | Z13: =(1-X13)*Y13 -> 0.00013239497 | AA13: =AA12*(1-X12)*(1-Y12) -> 99387.346 | AB13: =AA13*Z13 -> 13.158385 | AC13: =$E$3^W13*AA13 -> 87735.759 | AD13: =$E$3^(W13+1)*AB13 -> 11.376859 | AE13: =AC13+AE14 -> 3248616.4 | AF13: =AD13+AF14 -> 3510.9264 | AH13: 6 | AI13: ='보험개발원 위험률(1세)'!E13 -> 3.8e-05 | AJ13: ='보험개발원 위험률(1세)'!E296 -> 9.44e-05 | AK13: =(1-AI13)*AJ13 -> 9.4396413e-05 | AL13: =AL12*(1-AI12)*(1-AJ12) -> 99460.616 | AM13: =AL13*AK13 -> 9.3887254 | AN13: =$E$3^AH13*AL13 -> 87800.44 | AO13: =$E$3^(AH13+1)*AM13 -> 8.1175775 | AP13: =AN13+AP14 -> 3300488.8 | AQ13: =AO13+AQ14 -> 2479.8759 | AS13: 6 | AT13: ='보험개발원 위험률(1세)'!D13 -> 3.8e-05 | AU13: ='보험개발원 위험률(1세)'!D377 -> 2.6e-06 | AV13: =(1-AT13)*AU13 -> 2.5999012e-06 | AW13: =AW12*(1-AT12)*(1-AU12) -> 99519.535 | AX13: =AW13*AV13 -> 0.25874096 | AY13: =$E$3^AS13*AW13 -> 87852.452 | AZ13: =$E$3^(AS13+1)*AX13 -> 0.22370979 | BA13: =AY13+BA14 -> 3280513.7 | BB13: =AZ13+BB14 -> 1413.8489 | BD13: 6 | BE13: ='보험개발원 위험률(1세)'!E13 -> 3.8e-05 | BF13: ='보험개발원 위험률(1세)'!E377 -> 1.8e-06 | BG13: =(1-BE13)*BF13 -> 1.7999316e-06 | BH13: =BH12*(1-BE12)*(1-BF12) -> 99552.269 | BI13: =BH13*BG13 -> 0.17918727 | BJ13: =$E$3^BD13*BH13 -> 87881.348 | BK13: =$E$3^(BD13+1)*BI13 -> 0.15492695 | BL13: =BJ13+BL14 -> 3332664.6 | BM13: =BK13+BM14 -> 370.55186
A14: 7 | B14: ='보험개발원 위험률(1세)'!D14 -> 3.6e-05 | C14: ='보험개발원 위험률(1세)'!D216 -> 0.0002279 | D14: =(1-B14)*C14 -> 0.0002278918 | E14: =E13*(1-B13)*(1-C13) -> 99282.502 | F14: =E14*D14 -> 22.625668 | G14: =$E$3^A14*E14 -> 85840.556 | H14: =$E$3^(A14+1)*F14 -> 19.159998 | I14: =G14+I15 -> 3073686.3 | J14: =H14+J15 -> 9136.762 | L14: 7 | M14: ='보험개발원 위험률(1세)'!E14 -> 3.6e-05 | N14: ='보험개발원 위험률(1세)'!E216 -> 0.0002248 | O14: =(1-M14)*N14 -> 0.00022479191 | P14: =P13*(1-M13)*(1-N13) -> 99327.757 | Q14: =P14*O14 -> 22.328076 | R14: =$E$3^L14*P14 -> 85879.683 | S14: =$E$3^(L14+1)*Q14 -> 18.90799 | T14: =R14+T15 -> 3065097.4 | U14: =S14+U15 -> 8839.7586 | W14: 7 | X14: ='보험개발원 위험률(1세)'!D14 -> 3.6e-05 | Y14: ='보험개발원 위험률(1세)'!D297 -> 0.0001063 | Z14: =(1-X14)*Y14 -> 0.00010629617 | AA14: =AA13*(1-X13)*(1-Y13) -> 99370.411 | AB14: =AA14*Z14 -> 10.562694 | AC14: =$E$3^W14*AA14 -> 85916.562 | AD14: =$E$3^(W14+1)*AB14 -> 8.9447618 | AE14: =AC14+AE15 -> 3160880.6 | AF14: =AD14+AF15 -> 3499.5495 | AH14: 7 | AI14: ='보험개발원 위험률(1세)'!E14 -> 3.6e-05 | AJ14: ='보험개발원 위험률(1세)'!E297 -> 7.68e-05 | AK14: =(1-AI14)*AJ14 -> 7.6797235e-05 | AL14: =AL13*(1-AI13)*(1-AJ13) -> 99447.448 | AM14: =AL14*AK14 -> 7.637289 | AN14: =$E$3^AH14*AL14 -> 85983.169 | AO14: =$E$3^(AH14+1)*AM14 -> 6.4674531 | AP14: =AN14+AP15 -> 3212688.4 | AQ14: =AO14+AQ15 -> 2471.7583 | AS14: 7 | AT14: ='보험개발원 위험률(1세)'!D14 -> 3.6e-05 | AU14: ='보험개발원 위험률(1세)'!D378 -> 2.7e-06 | AV14: =(1-AT14)*AU14 -> 2.6999028e-06 | AW14: =AW13*(1-AT13)*(1-AU13) -> 99515.494 | AX14: =AW14*AV14 -> 0.26868216 | AY14: =$E$3^AS14*AW14 -> 86042.003 | AZ14: =$E$3^(AS14+1)*AX14 -> 0.22752698 | BA14: =AY14+BA15 -> 3192661.3 | BB14: =AZ14+BB15 -> 1413.6252 | BD14: 7 | BE14: ='보험개발원 위험률(1세)'!E14 -> 3.6e-05 | BF14: ='보험개발원 위험률(1세)'!E378 -> 1.6e-06 | BG14: =(1-BE14)*BF14 -> 1.5999424e-06 | BH14: =BH13*(1-BE13)*(1-BF13) -> 99548.307 | BI14: =BH14*BG14 -> 0.15927156 | BJ14: =$E$3^BD14*BH14 -> 86070.373 | BK14: =$E$3^(BD14+1)*BI14 -> 0.13487526 | BL14: =BJ14+BL15 -> 3244783.3 | BM14: =BK14+BM15 -> 370.39694
A15: 8 | B15: ='보험개발원 위험률(1세)'!D15 -> 3.4e-05 | C15: ='보험개발원 위험률(1세)'!D217 -> 0.0002006 | D15: =(1-B15)*C15 -> 0.00020059318 | E15: =E14*(1-B14)*(1-C14) -> 99256.303 | F15: =E15*D15 -> 19.910137 | G15: =$E$3^A15*E15 -> 84052.794 | H15: =$E$3^(A15+1)*F15 -> 16.513631 | I15: =G15+I16 -> 2987845.7 | J15: =H15+J16 -> 9117.602 | L15: 8 | M15: ='보험개발원 위험률(1세)'!E15 -> 3.4e-05 | N15: ='보험개발원 위험률(1세)'!E217 -> 0.0002012 | O15: =(1-M15)*N15 -> 0.00020119316 | P15: =P14*(1-M14)*(1-N14) -> 99301.853 | Q15: =P15*O15 -> 19.978854 | R15: =$E$3^L15*P15 -> 84091.368 | S15: =$E$3^(L15+1)*Q15 -> 16.570625 | T15: =R15+T16 -> 2979217.7 | U15: =S15+U16 -> 8820.8506 | W15: 8 | X15: ='보험개발원 위험률(1세)'!D15 -> 3.4e-05 | Y15: ='보험개발원 위험률(1세)'!D298 -> 8.02e-05 | Z15: =(1-X15)*Y15 -> 8.0197273e-05 | AA15: =AA14*(1-X14)*(1-Y14) -> 99356.271 | AB15: =AA15*Z15 -> 7.968102 | AC15: =$E$3^W15*AA15 -> 84137.45 | AD15: =$E$3^(W15+1)*AB15 -> 6.6088091 | AE15: =AC15+AE16 -> 3074964 | AF15: =AD15+AF16 -> 3490.6047 | AH15: 8 | AI15: ='보험개발원 위험률(1세)'!E15 -> 3.4e-05 | AJ15: ='보험개발원 위험률(1세)'!E298 -> 5.92e-05 | AK15: =(1-AI15)*AJ15 -> 5.9197987e-05 | AL15: =AL14*(1-AI14)*(1-AJ14) -> 99436.23 | AM15: =AL15*AK15 -> 5.8864247 | AN15: =$E$3^AH15*AL15 -> 84205.162 | AO15: =$E$3^(AH15+1)*AM15 -> 4.8822489 | AP15: =AN15+AP16 -> 3126705.2 | AQ15: =AO15+AQ16 -> 2465.2909 | AS15: 8 | AT15: ='보험개발원 위험률(1세)'!D15 -> 3.4e-05 | AU15: ='보험개발원 위험률(1세)'!D379 -> 2.8e-06 | AV15: =(1-AT15)*AU15 -> 2.7999048e-06 | AW15: =AW14*(1-AT14)*(1-AU14) -> 99511.643 | AX15: =AW15*AV15 -> 0.27862313 | AY15: =$E$3^AS15*AW15 -> 84269.023 | AZ15: =$E$3^(AS15+1)*AX15 -> 0.2310923 | BA15: =AY15+BA16 -> 3106619.3 | BB15: =AZ15+BB16 -> 1413.3977 | BD15: 8 | BE15: ='보험개발원 위험률(1세)'!E15 -> 3.4e-05 | BF15: ='보험개발원 위험률(1세)'!E379 -> 1.4e-06 | BG15: =(1-BE15)*BF15 -> 1.3999524e-06 | BH15: =BH14*(1-BE14)*(1-BF14) -> 99544.564 | BI15: =BH15*BG15 -> 0.13935765 | BJ15: =$E$3^BD15*BH15 -> 84296.901 | BK15: =$E$3^(BD15+1)*BI15 -> 0.11558438 | BL15: =BJ15+BL16 -> 3158712.9 | BM15: =BK15+BM16 -> 370.26206
A16: 9 | B16: ='보험개발원 위험률(1세)'!D16 -> 3.2e-05 | C16: ='보험개발원 위험률(1세)'!D218 -> 0.0001733 | D16: =(1-B16)*C16 -> 0.00017329445 | E16: =E15*(1-B15)*(1-C15) -> 99233.018 | F16: =E16*D16 -> 17.196532 | G16: =$E$3^A16*E16 -> 82304.678 | H16: =$E$3^(A16+1)*F16 -> 13.969583 | I16: =G16+I17 -> 2903792.9 | J16: =H16+J17 -> 9101.0883 | L16: 9 | M16: ='보험개발원 위험률(1세)'!E16 -> 3.2e-05 | N16: ='보험개발원 위험률(1세)'!E218 -> 0.0001776 | O16: =(1-M16)*N16 -> 0.00017759432 | P16: =P15*(1-M15)*(1-N15) -> 99278.498 | Q16: =P16*O16 -> 17.631297 | R16: =$E$3^L16*P16 -> 82342.4 | S16: =$E$3^(L16+1)*Q16 -> 14.322764 | T16: =R16+T17 -> 2895126.3 | U16: =S16+U17 -> 8804.28 | W16: 9 | X16: ='보험개발원 위험률(1세)'!D16 -> 3.2e-05 | Y16: ='보험개발원 위험률(1세)'!D299 -> 5.41e-05 | Z16: =(1-X16)*Y16 -> 5.4098269e-05 | AA16: =AA15*(1-X15)*(1-Y15) -> 99344.924 | AB16: =AA16*Z16 -> 5.3743884 | AC16: =$E$3^W16*AA16 -> 82397.494 | AD16: =$E$3^(W16+1)*AB16 -> 4.3658783 | AE16: =AC16+AE17 -> 2990826.6 | AF16: =AD16+AF17 -> 3483.9959 | AH16: 9 | AI16: ='보험개발원 위험률(1세)'!E16 -> 3.2e-05 | AJ16: ='보험개발원 위험률(1세)'!E299 -> 4.16e-05 | AK16: =(1-AI16)*AJ16 -> 4.1598669e-05 | AL16: =AL15*(1-AI15)*(1-AJ15) -> 99426.963 | AM16: =AL16*AK16 -> 4.1360293 | AN16: =$E$3^AH16*AL16 -> 82465.538 | AO16: =$E$3^(AH16+1)*AM16 -> 3.3598987 | AP16: =AN16+AP17 -> 3042500.1 | AQ16: =AO16+AQ17 -> 2460.4086 | AS16: 9 | AT16: ='보험개발원 위험률(1세)'!D16 -> 3.2e-05 | AU16: ='보험개발원 위험률(1세)'!D380 -> 2.9e-06 | AV16: =(1-AT16)*AU16 -> 2.8999072e-06 | AW16: =AW15*(1-AT15)*(1-AU15) -> 99507.981 | AX16: =AW16*AV16 -> 0.28856391 | AY16: =$E$3^AS16*AW16 -> 82532.735 | AZ16: =$E$3^(AS16+1)*AX16 -> 0.23441457 | BA16: =AY16+BA17 -> 3022350.2 | BB16: =AZ16+BB17 -> 1413.1666 | BD16: 9 | BE16: ='보험개발원 위험률(1세)'!E16 -> 3.2e-05 | BF16: ='보험개발원 위험률(1세)'!E380 -> 1.2e-06 | BG16: =(1-BE16)*BF16 -> 1.1999616e-06 | BH16: =BH15*(1-BE15)*(1-BF15) -> 99541.04 | BI16: =BH16*BG16 -> 0.11944543 | BJ16: =$E$3^BD16*BH16 -> 82560.154 | BK16: =$E$3^(BD16+1)*BI16 -> 0.097031356 | BL16: =BJ16+BL17 -> 3074416 | BM16: =BK16+BM17 -> 370.14648
A17: 10 | B17: ='보험개발원 위험률(1세)'!D17 -> 3e-05 | C17: ='보험개발원 위험률(1세)'!D219 -> 0.000146 | D17: =(1-B17)*C17 -> 0.00014599562 | E17: =E16*(1-B16)*(1-C16) -> 99212.646 | F17: =E17*D17 -> 14.484612 | G17: =$E$3^A17*E17 -> 80595.28 | H17: =$E$3^(A17+1)*F17 -> 11.524543 | I17: =G17+I18 -> 2821488.2 | J17: =H17+J18 -> 9087.1187 | L17: 10 | M17: ='보험개발원 위험률(1세)'!E17 -> 3e-05 | N17: ='보험개발원 위험률(1세)'!E219 -> 0.000154 | O17: =(1-M17)*N17 -> 0.00015399538 | P17: =P16*(1-M16)*(1-N16) -> 99257.69 | Q17: =P17*O17 -> 15.285226 | R17: =$E$3^L17*P17 -> 80631.872 | S17: =$E$3^(L17+1)*Q17 -> 12.161543 | T17: =R17+T18 -> 2812783.9 | U17: =S17+U18 -> 8789.9572 | W17: 10 | X17: ='보험개발원 위험률(1세)'!D17 -> 3e-05 | Y17: ='보험개발원 위험률(1세)'!D300 -> 2.8e-05 | Z17: =(1-X17)*Y17 -> 2.799916e-05 | AA17: =AA16*(1-X16)*(1-Y16) -> 99336.371 | AB17: =AA17*Z17 -> 2.7813349 | AC17: =$E$3^W17*AA17 -> 80695.788 | AD17: =$E$3^(W17+1)*AB17 -> 2.2129425 | AE17: =AC17+AE18 -> 2908429.1 | AF17: =AD17+AF18 -> 3479.63 | AH17: 10 | AI17: ='보험개발원 위험률(1세)'!E17 -> 3e-05 | AJ17: ='보험개발원 위험률(1세)'!E300 -> 2.4e-05 | AK17: =(1-AI17)*AJ17 -> 2.399928e-05 | AL17: =AL16*(1-AI16)*(1-AJ16) -> 99419.646 | AM17: =AL17*AK17 -> 2.3859999 | AN17: =$E$3^AH17*AL17 -> 80763.436 | AO17: =$E$3^(AH17+1)*AM17 -> 1.898398 | AP17: =AN17+AP18 -> 2960034.5 | AQ17: =AO17+AQ18 -> 2457.0487 | AS17: 10 | AT17: ='보험개발원 위험률(1세)'!D17 -> 3e-05 | AU17: ='보험개발원 위험률(1세)'!D381 -> 3e-06 | AV17: =(1-AT17)*AU17 -> 2.99991e-06 | AW17: =AW16*(1-AT16)*(1-AU16) -> 99504.508 | AX17: =AW17*AV17 -> 0.29850457 | AY17: =$E$3^AS17*AW17 -> 80832.375 | AZ17: =$E$3^(AS17+1)*AX17 -> 0.2375023 | BA17: =AY17+BA18 -> 2939817.5 | BB17: =AZ17+BB18 -> 1412.9322 | BD17: 10 | BE17: ='보험개발원 위험률(1세)'!E17 -> 3e-05 | BF17: ='보험개발원 위험률(1세)'!E381 -> 1e-06 | BG17: =(1-BE17)*BF17 -> 9.9997e-07 | BH17: =BH16*(1-BE16)*(1-BF16) -> 99537.735 | BI17: =BH17*BG17 -> 0.099534749 | BJ17: =$E$3^BD17*BH17 -> 80859.366 | BK17: =$E$3^(BD17+1)*BI17 -> 0.079193869 | BL17: =BJ17+BL18 -> 2991855.9 | BM17: =BK17+BM18 -> 370.04945
A18: 11 | B18: ='보험개발원 위험률(1세)'!D18 -> 5.2e-05 | C18: ='보험개발원 위험률(1세)'!D220 -> 0.0001607 | D18: =(1-B18)*C18 -> 0.00016069164 | E18: =E17*(1-B17)*(1-C17) -> 99195.185 | F18: =E18*D18 -> 15.939837 | G18: =$E$3^A18*E18 -> 78923.698 | H18: =$E$3^(A18+1)*F18 -> 12.421527 | I18: =G18+I19 -> 2740893 | J18: =H18+J19 -> 9075.5942 | L18: 11 | M18: ='보험개발원 위험률(1세)'!E18 -> 4.4e-05 | N18: ='보험개발원 위험률(1세)'!E220 -> 0.0001878 | O18: =(1-M18)*N18 -> 0.00018779174 | P18: =P17*(1-M17)*(1-N17) -> 99239.427 | Q18: =P18*O18 -> 18.636344 | R18: =$E$3^L18*P18 -> 78958.899 | S18: =$E$3^(L18+1)*Q18 -> 14.522849 | T18: =R18+T19 -> 2732152 | U18: =S18+U19 -> 8777.7957 | W18: 11 | X18: ='보험개발원 위험률(1세)'!D18 -> 5.2e-05 | Y18: ='보험개발원 위험률(1세)'!D301 -> 3.26e-05 | Z18: =(1-X18)*Y18 -> 3.2598305e-05 | AA18: =AA17*(1-X17)*(1-Y17) -> 99330.61 | AB18: =AA18*Z18 -> 3.2380095 | AC18: =$E$3^W18*AA18 -> 79031.448 | AD18: =$E$3^(W18+1)*AB18 -> 2.5233019 | AE18: =AC18+AE19 -> 2827733.3 | AF18: =AD18+AF19 -> 3477.4171 | AH18: 11 | AI18: ='보험개발원 위험률(1세)'!E18 -> 4.4e-05 | AJ18: ='보험개발원 위험률(1세)'!E301 -> 2.87e-05 | AK18: =(1-AI18)*AJ18 -> 2.8698737e-05 | AL18: =AL17*(1-AI17)*(1-AJ17) -> 99414.277 | AM18: =AL18*AK18 -> 2.8530642 | AN18: =$E$3^AH18*AL18 -> 79098.017 | AO18: =$E$3^(AH18+1)*AM18 -> 2.2233234 | AP18: =AN18+AP19 -> 2879271.1 | AQ18: =AO18+AQ19 -> 2455.1504 | AS18: 11 | AT18: ='보험개발원 위험률(1세)'!D18 -> 5.2e-05 | AU18: ='보험개발원 위험률(1세)'!D382 -> 5e-06 | AV18: =(1-AT18)*AU18 -> 4.99974e-06 | AW18: =AW17*(1-AT17)*(1-AU17) -> 99501.225 | AX18: =AW18*AV18 -> 0.49748025 | AY18: =$E$3^AS18*AW18 -> 79167.196 | AZ18: =$E$3^(AS18+1)*AX18 -> 0.38767424 | BA18: =AY18+BA19 -> 2858985.1 | BB18: =AZ18+BB19 -> 1412.6947 | BD18: 11 | BE18: ='보험개발원 위험률(1세)'!E18 -> 4.4e-05 | BF18: ='보험개발원 위험률(1세)'!E382 -> 1.6e-06 | BG18: =(1-BE18)*BF18 -> 1.5999296e-06 | BH18: =BH17*(1-BE17)*(1-BF17) -> 99534.65 | BI18: =BH18*BG18 -> 0.15924843 | BJ18: =$E$3^BD18*BH18 -> 79193.79 | BK18: =$E$3^(BD18+1)*BI18 -> 0.12409842 | BL18: =BJ18+BL19 -> 2910996.5 | BM18: =BK18+BM19 -> 369.97025
A19: 12 | B19: ='보험개발원 위험률(1세)'!D19 -> 7.4e-05 | C19: ='보험개발원 위험률(1세)'!D221 -> 0.0001754 | D19: =(1-B19)*C19 -> 0.00017538702 | E19: =E18*(1-B18)*(1-C18) -> 99174.087 | F19: =E19*D19 -> 17.393848 | G19: =$E$3^A19*E19 -> 77283.949 | H19: =$E$3^(A19+1)*F19 -> 13.27581 | I19: =G19+I20 -> 2661969.3 | J19: =H19+J20 -> 9063.1727 | L19: 12 | M19: ='보험개발원 위험률(1세)'!E19 -> 5.8e-05 | N19: ='보험개발원 위험률(1세)'!E221 -> 0.0002216 | O19: =(1-M19)*N19 -> 0.00022158715 | P19: =P18*(1-M18)*(1-N18) -> 99216.424 | Q19: =P19*O19 -> 21.985084 | R19: =$E$3^L19*P19 -> 77316.941 | S19: =$E$3^(L19+1)*Q19 -> 16.780059 | T19: =R19+T20 -> 2653193.1 | U19: =S19+U20 -> 8763.2728 | W19: 12 | X19: ='보험개발원 위험률(1세)'!D19 -> 7.4e-05 | Y19: ='보험개발원 위험률(1세)'!D302 -> 3.72e-05 | Z19: =(1-X19)*Y19 -> 3.7197247e-05 | AA19: =AA18*(1-X18)*(1-Y18) -> 99322.206 | AB19: =AA19*Z19 -> 3.6945127 | AC19: =$E$3^W19*AA19 -> 77399.375 | AD19: =$E$3^(W19+1)*AB19 -> 2.8198273 | AE19: =AC19+AE20 -> 2748701.9 | AF19: =AD19+AF20 -> 3474.8938 | AH19: 12 | AI19: ='보험개발원 위험률(1세)'!E19 -> 5.8e-05 | AJ19: ='보험개발원 위험률(1세)'!E302 -> 3.34e-05 | AK19: =(1-AI19)*AJ19 -> 3.3398063e-05 | AL19: =AL18*(1-AI18)*(1-AJ18) -> 99407.05 | AM19: =AL19*AK19 -> 3.3200029 | AN19: =$E$3^AH19*AL19 -> 77465.491 | AO19: =$E$3^(AH19+1)*AM19 -> 2.5339837 | AP19: =AN19+AP20 -> 2800173.1 | AQ19: =AO19+AQ20 -> 2452.927 | AS19: 12 | AT19: ='보험개발원 위험률(1세)'!D19 -> 7.4e-05 | AU19: ='보험개발원 위험률(1세)'!D383 -> 7e-06 | AV19: =(1-AT19)*AU19 -> 6.999482e-06 | AW19: =AW18*(1-AT18)*(1-AU18) -> 99495.553 | AX19: =AW19*AV19 -> 0.69641733 | AY19: =$E$3^AS19*AW19 -> 77534.46 | AZ19: =$E$3^(AS19+1)*AX19 -> 0.53153874 | BA19: =AY19+BA20 -> 2779817.9 | BB19: =AZ19+BB20 -> 1412.307 | BD19: 12 | BE19: ='보험개발원 위험률(1세)'!E19 -> 5.8e-05 | BF19: ='보험개발원 위험률(1세)'!E383 -> 2.2e-06 | BG19: =(1-BE19)*BF19 -> 2.1998724e-06 | BH19: =BH18*(1-BE18)*(1-BF18) -> 99530.111 | BI19: =BH19*BG19 -> 0.21895354 | BJ19: =$E$3^BD19*BH19 -> 77561.39 | BK19: =$E$3^(BD19+1)*BI19 -> 0.16711573 | BL19: =BJ19+BL20 -> 2831802.7 | BM19: =BK19+BM20 -> 369.84615
... A86: 79 | B86: ='보험개발원 위험률(1세)'!D86 -> 0.029014 | C86: ='보험개발원 위험률(1세)'!D288 -> 0.0265757 | D86: =(1-B86)*C86 -> 0.025804633 | E86: =E85*(1-B85)*(1-C85) -> 50769.573 | F86: =E86*D86 -> 1310.0902 | G86: =$E$3^A86*E86 -> 9830.3704 | H86: =$E$3^(A86+1)*F86 -> 248.45161 | I86: =G86+I87 -> 18930.745 | J86: =H86+J87 -> 487.00651 | L86: 79 | M86: ='보험개발원 위험률(1세)'!E86 -> 0.01485 | N86: ='보험개발원 위험률(1세)'!E288 -> 0.010849 | O86: =(1-M86)*N86 -> 0.010687892 | P86: =P85*(1-M85)*(1-N85) -> 64747.698 | Q86: =P86*O86 -> 692.01643 | R86: =$E$3^L86*P86 -> 12536.916 | S86: =$E$3^(L86+1)*Q86 -> 131.23722 | T86: =R86+T87 -> 24502.39 | U86: =S86+U87 -> 259.70922 | W86: 79 | X86: ='보험개발원 위험률(1세)'!D86 -> 0.029014 | Y86: ='보험개발원 위험률(1세)'!D369 -> 0.0086759 | Z86: =(1-X86)*Y86 -> 0.0084241774 | AA86: =AA85*(1-X85)*(1-Y85) -> 67133.448 | AB86: =AA86*Z86 -> 565.54408 | AC86: =$E$3^W86*AA86 -> 12998.862 | AD86: =$E$3^(W86+1)*AB86 -> 107.25242 | AE86: =AC86+AE87 -> 25253.718 | AF86: =AD86+AF87 -> 212.06478 | AH86: 79 | AI86: ='보험개발원 위험률(1세)'!E86 -> 0.01485 | AJ86: ='보험개발원 위험률(1세)'!E369 -> 0.0066686 | AK86: =(1-AI86)*AJ86 -> 0.0065695713 | AL86: =AL85*(1-AI85)*(1-AJ85) -> 81077.251 | AM86: =AL86*AK86 -> 532.64278 | AN86: =$E$3^AH86*AL86 -> 15698.762 | AO86: =$E$3^(AH86+1)*AM86 -> 101.01286 | AP86: =AN86+AP87 -> 30745.285 | AQ86: =AO86+AQ87 -> 202.60469 | AS86: 79 | AT86: ='보험개발원 위험률(1세)'!D86 -> 0.029014 | AU86: ='보험개발원 위험률(1세)'!D450 -> 0.0023928 | AV86: =(1-AT86)*AU86 -> 0.0023233753 | AW86: =AW85*(1-AT85)*(1-AU85) -> 73545.161 | AX86: =AW86*AV86 -> 170.87301 | AY86: =$E$3^AS86*AW86 -> 14240.344 | AZ86: =$E$3^(AS86+1)*AX86 -> 32.405155 | BA86: =AY86+BA87 -> 27750.715 | BB86: =AZ86+BB87 -> 63.73609 | BD86: 79 | BE86: ='보험개발원 위험률(1세)'!E86 -> 0.01485 | BF86: ='보험개발원 위험률(1세)'!E450 -> 0.0011634 | BG86: =(1-BE86)*BF86 -> 0.0011461235 | BH86: =BH85*(1-BE85)*(1-BF85) -> 87899.86 | BI86: =BH86*BG86 -> 100.7441 | BJ86: =$E$3^BD86*BH86 -> 17019.804 | BK86: =$E$3^(BD86+1)*BI86 -> 19.105581 | BL86: =BJ86+BL87 -> 33422.893 | BM86: =BK86+BM87 -> 38.472419
A87: 80 | B87: ='보험개발원 위험률(1세)'!D87 -> 0.032 | C87: ='보험개발원 위험률(1세)'!D289 -> 0.027649 | D87: =(1-B87)*C87 -> 0.026764232 | E87: =E86*(1-B86)*(1-C86) -> 47986.454 | F87: =E87*D87 -> 1284.3206 | G87: =$E$3^A87*E87 -> 9100.3751 | H87: =$E$3^(A87+1)*F87 -> 238.5549 | I87: =G87 -> 9100.3751 | J87: =H87 -> 238.5549 | L87: 80 | M87: ='보험개발원 위험률(1세)'!E87 -> 0.01674 | N87: ='보험개발원 위험률(1세)'!E289 -> 0.011149 | O87: =(1-M87)*N87 -> 0.010962366 | P87: =P86*(1-M86)*(1-N86) -> 63094.178 | Q87: =P87*O87 -> 691.66146 | R87: =$E$3^L87*P87 -> 11965.474 | S87: =$E$3^(L87+1)*Q87 -> 128.47199 | T87: =R87 -> 11965.474 | U87: =S87 -> 128.47199 | W87: 80 | X87: ='보험개발원 위험률(1세)'!D87 -> 0.032 | Y87: ='보험개발원 위험률(1세)'!D370 -> 0.009021 | Z87: =(1-X87)*Y87 -> 0.008732328 | AA87: =AA86*(1-X86)*(1-Y86) -> 64620.094 | AB87: =AA87*Z87 -> 564.28386 | AC87: =$E$3^W87*AA87 -> 12254.856 | AD87: =$E$3^(W87+1)*AB87 -> 104.81236 | AE87: =AC87 -> 12254.856 | AF87: =AD87 -> 104.81236 | AH87: 80 | AI87: ='보험개발원 위험률(1세)'!E87 -> 0.01674 | AJ87: ='보험개발원 위험률(1세)'!E370 -> 0.007011 | AK87: =(1-AI87)*AJ87 -> 0.0068936359 | AL87: =AL86*(1-AI86)*(1-AJ86) -> 79340.611 | AM87: =AL87*AK87 -> 546.94528 | AN87: =$E$3^AH87*AL87 -> 15046.524 | AO87: =$E$3^(AH87+1)*AM87 -> 101.59183 | AP87: =AN87 -> 15046.524 | AQ87: =AO87 -> 101.59183 | AS87: 80 | AT87: ='보험개발원 위험률(1세)'!D87 -> 0.032 | AU87: ='보험개발원 위험률(1세)'!D451 -> 0.002446 | AV87: =(1-AT87)*AU87 -> 0.002367728 | AW87: =AW86*(1-AT86)*(1-AU86) -> 71240.449 | AX87: =AW87*AV87 -> 168.67801 | AY87: =$E$3^AS87*AW87 -> 13510.371 | AZ87: =$E$3^(AS87+1)*AX87 -> 31.330934 | BA87: =AY87 -> 13510.371 | BB87: =AZ87 -> 31.330934 | BD87: 80 | BE87: ='보험개발원 위험률(1세)'!E87 -> 0.01674 | BF87: ='보험개발원 위험률(1세)'!E451 -> 0.001226 | BG87: =(1-BE87)*BF87 -> 0.0012054768 | BH87: =BH86*(1-BE86)*(1-BF86) -> 86493.803 | BI87: =BH87*BG87 -> 104.26627 | BJ87: =$E$3^BD87*BH87 -> 16403.088 | BK87: =$E$3^(BD87+1)*BI87 -> 19.366838 | BL87: =BJ87 -> 16403.088 | BM87: =BK87 -> 19.366838

Sheet NHIS 내원횟수
A1: 중증질환 산정특례 진료현황 · 인당 내원횟수 계수
A3: 산식: 인당 내원횟수 = 내원일수(천 일) × 1,000 ÷ 실수진자(명) | 기준: 2021~2025년, 2025.12.31 지급 기준 | 출처: 국민건강보험공단
A4: 주의: 공시표의 내원일수는 입원·외래 및 의료기관 종별로 분리되지 않은 전체 집계입니다. 뇌혈관질환은 뇌졸중, 심장질환은 급성심근경색의 대용계수로 적용합니다.
A5: 공시 질환 | B5: 연도 | C5: 실수진자(명) | D5: 내원일수(천 일) | E5: 환산 내원일수(일) | F5: 인당 내원횟수(회) | G5: 보험료 적용질병 | H5: 출처 URL | J5: 공시 질환 | K5: 보험료 적용질병 | L5: 평균 내원횟수 계수 | M5: 사용연도
A6: 암 | B6: 2021 | C6: 1327385 | D6: 29928 | E6: =D6*1000 -> 29928000 | F6: =E6/C6 -> 22.546586 | G6: 암 | H6: https://www.nhis.or.kr/announce/wbhaec11416m01.do | J6: 암 | K6: 암 | L6: =AVERAGE(F6:F10) -> 22.352187 | M6: 2021~2025
A7: 암 | B7: 2022 | C7: 1385235 | D7: 29946 | E7: =D7*1000 -> 29946000 | F7: =E7/C7 -> 21.617993 | G7: 암 | H7: https://www.nhis.or.kr/announce/wbhaec11416m01.do | J7: 뇌혈관질환 | K7: 뇌졸중 | L7: =AVERAGE(F11:F15) -> 15.260768 | M7: 2021~2025
A8: 암 | B8: 2023 | C8: 1477790 | D8: 33868 | E8: =D8*1000 -> 33868000 | F8: =E8/C8 -> 22.918006 | G8: 암 | H8: https://www.nhis.or.kr/announce/wbhaec11416m01.do | J8: 심장질환 | K8: 급성심근경색 | L8: =AVERAGE(F16:F20) -> 6.8325164 | M8: 2021~2025
A9: 암 | B9: 2024 | C9: 1530613 | D9: 34550 | E9: =D9*1000 -> 34550000 | F9: =E9/C9 -> 22.572656 | G9: 암 | H9: https://www.nhis.or.kr/announce/wbhaec11416m01.do
A10: 암 | B10: 2025 | C10: 1686941 | D10: 37291 | E10: =D10*1000 -> 37291000 | F10: =E10/C10 -> 22.105693 | G10: 암 | H10: https://www.nhis.or.kr/announce/wbhaec11416m01.do
A11: 뇌혈관질환 | B11: 2021 | C11: 70552 | D11: 1114 | E11: =D11*1000 -> 1114000 | F11: =E11/C11 -> 15.789772 | G11: 뇌졸중 | H11: https://www.nhis.or.kr/announce/wbhaec11416m01.do
A12: 뇌혈관질환 | B12: 2022 | C12: 64899 | D12: 1031 | E12: =D12*1000 -> 1031000 | F12: =E12/C12 -> 15.886223 | G12: 뇌졸중 | H12: https://www.nhis.or.kr/announce/wbhaec11416m01.do
A13: 뇌혈관질환 | B13: 2023 | C13: 80403 | D13: 1211 | E13: =D13*1000 -> 1211000 | F13: =E13/C13 -> 15.061627 | G13: 뇌졸중 | H13: https://www.nhis.or.kr/announce/wbhaec11416m01.do
A14: 뇌혈관질환 | B14: 2024 | C14: 73901 | D14: 1109 | E14: =D14*1000 -> 1109000 | F14: =E14/C14 -> 15.006563 | G14: 뇌졸중 | H14: https://www.nhis.or.kr/announce/wbhaec11416m01.do
A15: 뇌혈관질환 | B15: 2025 | C15: 77337 | D15: 1126 | E15: =D15*1000 -> 1126000 | F15: =E15/C15 -> 14.559654 | G15: 뇌졸중 | H15: https://www.nhis.or.kr/announce/wbhaec11416m01.do
A16: 심장질환 | B16: 2021 | C16: 106570 | D16: 769 | E16: =D16*1000 -> 769000 | F16: =E16/C16 -> 7.2159144 | G16: 급성심근경색 | H16: https://www.nhis.or.kr/announce/wbhaec11416m01.do
A17: 심장질환 | B17: 2022 | C17: 102622 | D17: 734 | E17: =D17*1000 -> 734000 | F17: =E17/C17 -> 7.1524624 | G17: 급성심근경색 | H17: https://www.nhis.or.kr/announce/wbhaec11416m01.do
A18: 심장질환 | B18: 2023 | C18: 123482 | D18: 867 | E18: =D18*1000 -> 867000 | F18: =E18/C18 -> 7.0212663 | G18: 급성심근경색 | H18: https://www.nhis.or.kr/announce/wbhaec11416m01.do
A19: 심장질환 | B19: 2024 | C19: 116117 | D19: 755 | E19: =D19*1000 -> 755000 | F19: =E19/C19 -> 6.5020626 | G19: 급성심근경색 | H19: https://www.nhis.or.kr/announce/wbhaec11416m01.do
A20: 심장질환 | B20: 2025 | C20: 124544 | D20: 781 | E20: =D20*1000 -> 781000 | F20: =E20/C20 -> 6.2708762 | G20: 급성심근경색 | H20: https://www.nhis.or.kr/announce/wbhaec11416m01.do

Sheet 연납보험료
A1: 질병·성별·가입나이별 연납 순보험료 (80세 만기 · 20년납)
A3: 기준 보험금(원) | B3: 1 | D3: 적용이율 | E3: =계리기호!B3 -> 0.021 | G3: 대표 관외유출률 | H3: =AVERAGE('시도 요약'!R6:R22) -> 0.24196532 | J3: 보험기간 | K3: 80세 만기 | M3: 납입기간 | N3: 20년납 | P3: 급부/보험료 시점 | Q3: 급부 기말 / 보험료 기초
A4: 산식: 기존 질병별 연납 순보험료 × 대표 관외유출률 × 질병별 평균 내원횟수 계수. 대표 관외유출률은 '시도 요약' 17개 시도의 2011~2024년 평균 유출률을 단순평균한 기본값이며, B3(보험금)·H3(유출률)는 필요 시 변경할 수 있습니다. 80세 가입은 보험기간이 0년이므로 0원으로 표시합니다.
A5: 암 · 남 | F5: 암 · 여 | K5: 뇌졸중 · 남 | P5: 뇌졸중 · 여 | U5: 급성심근경색 · 남 | Z5: 급성심근경색 · 여
A6: 성별 | B6: 가입나이 | C6: 질병 | D6: 연납보험료(원) | F6: 성별 | G6: 가입나이 | H6: 질병 | I6: 연납보험료(원) | K6: 성별 | L6: 가입나이 | M6: 질병 | N6: 연납보험료(원) | P6: 성별 | Q6: 가입나이 | R6: 질병 | S6: 연납보험료(원) | U6: 성별 | V6: 가입나이 | W6: 질병 | X6: 연납보험료(원) | Z6: 성별 | AA6: 가입나이 | AB6: 질병 | AC6: 연납보험료(원)
A7: 남 | B7: 0 | C7: 암 | D7: =$B$3*$H$3*'NHIS 내원횟수'!$L$6*(계리기호!J7-계리기호!J$87)/(계리기호!I7-계리기호!I27) -> 0.030023848 | F7: 여 | G7: 0 | H7: 암 | I7: =$B$3*$H$3*'NHIS 내원횟수'!$L$6*(계리기호!U7-계리기호!U$87)/(계리기호!T7-계리기호!T27) -> 0.029360703 | K7: 남 | L7: 0 | M7: 뇌졸중 | N7: =$B$3*$H$3*'NHIS 내원횟수'!$L$7*(계리기호!AF7-계리기호!AF$87)/(계리기호!AE7-계리기호!AE27) -> 0.0079317922 | P7: 여 | Q7: 0 | R7: 뇌졸중 | S7: =$B$3*$H$3*'NHIS 내원횟수'!$L$7*(계리기호!AQ7-계리기호!AQ$87)/(계리기호!AP7-계리기호!AP27) -> 0.0055340538 | U7: 남 | V7: 0 | W7: 급성심근경색 | X7: =$B$3*$H$3*'NHIS 내원횟수'!$L$8*(계리기호!BB7-계리기호!BB$87)/(계리기호!BA7-계리기호!BA27) -> 0.0013896585 | Z7: 여 | AA7: 0 | AB7: 급성심근경색 | AC7: =$B$3*$H$3*'NHIS 내원횟수'!$L$8*(계리기호!BM7-계리기호!BM$87)/(계리기호!BL7-계리기호!BL27) -> 0.0003539649
A8: 남 | B8: 1 | C8: 암 | D8: =$B$3*$H$3*'NHIS 내원횟수'!$L$6*(계리기호!J8-계리기호!J$87)/(계리기호!I8-계리기호!I28) -> 0.030535165 | F8: 여 | G8: 1 | H8: 암 | I8: =$B$3*$H$3*'NHIS 내원횟수'!$L$6*(계리기호!U8-계리기호!U$87)/(계리기호!T8-계리기호!T28) -> 0.029867199 | K8: 남 | L8: 1 | M8: 뇌졸중 | N8: =$B$3*$H$3*'NHIS 내원횟수'!$L$7*(계리기호!AF8-계리기호!AF$87)/(계리기호!AE8-계리기호!AE28) -> 0.008037308 | P8: 여 | Q8: 1 | R8: 뇌졸중 | S8: =$B$3*$H$3*'NHIS 내원횟수'!$L$7*(계리기호!AQ8-계리기호!AQ$87)/(계리기호!AP8-계리기호!AP28) -> 0.0056076995 | U8: 남 | V8: 1 | W8: 급성심근경색 | X8: =$B$3*$H$3*'NHIS 내원횟수'!$L$8*(계리기호!BB8-계리기호!BB$87)/(계리기호!BA8-계리기호!BA28) -> 0.0014191449 | Z8: 여 | AA8: 1 | AB8: 급성심근경색 | AC8: =$B$3*$H$3*'NHIS 내원횟수'!$L$8*(계리기호!BM8-계리기호!BM$87)/(계리기호!BL8-계리기호!BL28) -> 0.00036121173
A9: 남 | B9: 2 | C9: 암 | D9: =$B$3*$H$3*'NHIS 내원횟수'!$L$6*(계리기호!J9-계리기호!J$87)/(계리기호!I9-계리기호!I29) -> 0.031063965 | F9: 여 | G9: 2 | H9: 암 | I9: =$B$3*$H$3*'NHIS 내원횟수'!$L$6*(계리기호!U9-계리기호!U$87)/(계리기호!T9-계리기호!T29) -> 0.030390299 | K9: 남 | L9: 2 | M9: 뇌졸중 | N9: =$B$3*$H$3*'NHIS 내원횟수'!$L$7*(계리기호!AF9-계리기호!AF$87)/(계리기호!AE9-계리기호!AE29) -> 0.0081502721 | P9: 여 | Q9: 2 | R9: 뇌졸중 | S9: =$B$3*$H$3*'NHIS 내원횟수'!$L$7*(계리기호!AQ9-계리기호!AQ$87)/(계리기호!AP9-계리기호!AP29) -> 0.0056864366 | U9: 남 | V9: 2 | W9: 급성심근경색 | X9: =$B$3*$H$3*'NHIS 내원횟수'!$L$8*(계리기호!BB9-계리기호!BB$87)/(계리기호!BA9-계리기호!BA29) -> 0.0014491397 | Z9: 여 | AA9: 2 | AB9: 급성심근경색 | AC9: =$B$3*$H$3*'NHIS 내원횟수'!$L$8*(계리기호!BM9-계리기호!BM$87)/(계리기호!BL9-계리기호!BL29) -> 0.00036860574
A10: 남 | B10: 3 | C10: 암 | D10: =$B$3*$H$3*'NHIS 내원횟수'!$L$6*(계리기호!J10-계리기호!J$87)/(계리기호!I10-계리기호!I30) -> 0.031611191 | F10: 여 | G10: 3 | H10: 암 | I10: =$B$3*$H$3*'NHIS 내원횟수'!$L$6*(계리기호!U10-계리기호!U$87)/(계리기호!T10-계리기호!T30) -> 0.030930999 | K10: 남 | L10: 3 | M10: 뇌졸중 | N10: =$B$3*$H$3*'NHIS 내원횟수'!$L$7*(계리기호!AF10-계리기호!AF$87)/(계리기호!AE10-계리기호!AE30) -> 0.0082709639 | P10: 여 | Q10: 3 | R10: 뇌졸중 | S10: =$B$3*$H$3*'NHIS 내원횟수'!$L$7*(계리기호!AQ10-계리기호!AQ$87)/(계리기호!AP10-계리기호!AP30) -> 0.0057704468 | U10: 남 | V10: 3 | W10: 급성심근경색 | X10: =$B$3*$H$3*'NHIS 내원횟수'!$L$8*(계리기호!BB10-계리기호!BB$87)/(계리기호!BA10-계리기호!BA30) -> 0.0014796765 | Z10: 여 | AA10: 3 | AB10: 급성심근경색 | AC10: =$B$3*$H$3*'NHIS 내원횟수'!$L$8*(계리기호!BM10-계리기호!BM$87)/(계리기호!BL10-계리기호!BL30) -> 0.00037615501
A11: 남 | B11: 4 | C11: 암 | D11: =$B$3*$H$3*'NHIS 내원횟수'!$L$6*(계리기호!J11-계리기호!J$87)/(계리기호!I11-계리기호!I31) -> 0.03217786 | F11: 여 | G11: 4 | H11: 암 | I11: =$B$3*$H$3*'NHIS 내원횟수'!$L$6*(계리기호!U11-계리기호!U$87)/(계리기호!T11-계리기호!T31) -> 0.031490374 | K11: 남 | L11: 4 | M11: 뇌졸중 | N11: =$B$3*$H$3*'NHIS 내원횟수'!$L$7*(계리기호!AF11-계리기호!AF$87)/(계리기호!AE11-계리기호!AE31) -> 0.008399681 | P11: 여 | Q11: 4 | R11: 뇌졸중 | S11: =$B$3*$H$3*'NHIS 내원횟수'!$L$7*(계리기호!AQ11-계리기호!AQ$87)/(계리기호!AP11-계리기호!AP31) -> 0.005859923 | U11: 남 | V11: 4 | W11: 급성심근경색 | X11: =$B$3*$H$3*'NHIS 내원횟수'!$L$8*(계리기호!BB11-계리기호!BB$87)/(계리기호!BA11-계리기호!BA31) -> 0.0015107912 | Z11: 여 | AA11: 4 | AB11: 급성심근경색 | AC11: =$B$3*$H$3*'NHIS 내원횟수'!$L$8*(계리기호!BM11-계리기호!BM$87)/(계리기호!BL11-계리기호!BL31) -> 0.00038386824
A12: 남 | B12: 5 | C12: 암 | D12: =$B$3*$H$3*'NHIS 내원횟수'!$L$6*(계리기호!J12-계리기호!J$87)/(계리기호!I12-계리기호!I32) -> 0.032765065 | F12: 여 | G12: 5 | H12: 암 | I12: =$B$3*$H$3*'NHIS 내원횟수'!$L$6*(계리기호!U12-계리기호!U$87)/(계리기호!T12-계리기호!T32) -> 0.032069579 | K12: 남 | L12: 5 | M12: 뇌졸중 | N12: =$B$3*$H$3*'NHIS 내원횟수'!$L$7*(계리기호!AF12-계리기호!AF$87)/(계리기호!AE12-계리기호!AE32) -> 0.008536741 | P12: 여 | Q12: 5 | R12: 뇌졸중 | S12: =$B$3*$H$3*'NHIS 내원횟수'!$L$7*(계리기호!AQ12-계리기호!AQ$87)/(계리기호!AP12-계리기호!AP32) -> 0.0059550704 | U12: 남 | V12: 5 | W12: 급성심근경색 | X12: =$B$3*$H$3*'NHIS 내원횟수'!$L$8*(계리기호!BB12-계리기호!BB$87)/(계리기호!BA12-계리기호!BA32) -> 0.0015425232 | Z12: 여 | AA12: 5 | AB12: 급성심근경색 | AC12: =$B$3*$H$3*'NHIS 내원횟수'!$L$8*(계리기호!BM12-계리기호!BM$87)/(계리기호!BL12-계리기호!BL32) -> 0.00039175483
A13: 남 | B13: 6 | C13: 암 | D13: =$B$3*$H$3*'NHIS 내원횟수'!$L$6*(계리기호!J13-계리기호!J$87)/(계리기호!I13-계리기호!I33) -> 0.033373983 | F13: 여 | G13: 6 | H13: 암 | I13: =$B$3*$H$3*'NHIS 내원횟수'!$L$6*(계리기호!U13-계리기호!U$87)/(계리기호!T13-계리기호!T33) -> 0.032669861 | K13: 남 | L13: 6 | M13: 뇌졸중 | N13: =$B$3*$H$3*'NHIS 내원횟수'!$L$7*(계리기호!AF13-계리기호!AF$87)/(계리기호!AE13-계리기호!AE33) -> 0.0086824837 | P13: 여 | Q13: 6 | R13: 뇌졸중 | S13: =$B$3*$H$3*'NHIS 내원횟수'!$L$7*(계리기호!AQ13-계리기호!AQ$87)/(계리기호!AP13-계리기호!AP33) -> 0.0060561082 | U13: 남 | V13: 6 | W13: 급성심근경색 | X13: =$B$3*$H$3*'NHIS 내원횟수'!$L$8*(계리기호!BB13-계리기호!BB$87)/(계리기호!BA13-계리기호!BA33) -> 0.0015749148 | Z13: 여 | AA13: 6 | AB13: 급성심근경색 | AC13: =$B$3*$H$3*'NHIS 내원횟수'!$L$8*(계리기호!BM13-계리기호!BM$87)/(계리기호!BL13-계리기호!BL33) -> 0.00039982489
A14: 남 | B14: 7 | C14: 암 | D14: =$B$3*$H$3*'NHIS 내원횟수'!$L$6*(계리기호!J14-계리기호!J$87)/(계리기호!I14-계리기호!I34) -> 0.034005908 | F14: 여 | G14: 7 | H14: 암 | I14: =$B$3*$H$3*'NHIS 내원횟수'!$L$6*(계리기호!U14-계리기호!U$87)/(계리기호!T14-계리기호!T34) -> 0.033292588 | K14: 남 | L14: 7 | M14: 뇌졸중 | N14: =$B$3*$H$3*'NHIS 내원횟수'!$L$7*(계리기호!AF14-계리기호!AF$87)/(계리기호!AE14-계리기호!AE34) -> 0.0088372828 | P14: 여 | Q14: 7 | R14: 뇌졸중 | S14: =$B$3*$H$3*'NHIS 내원횟수'!$L$7*(계리기호!AQ14-계리기호!AQ$87)/(계리기호!AP14-계리기호!AP34) -> 0.0061632768 | U14: 남 | V14: 7 | W14: 급성심근경색 | X14: =$B$3*$H$3*'NHIS 내원횟수'!$L$8*(계리기호!BB14-계리기호!BB$87)/(계리기호!BA14-계리기호!BA34) -> 0.0016080118 | Z14: 여 | AA14: 7 | AB14: 급성심근경색 | AC14: =$B$3*$H$3*'NHIS 내원횟수'!$L$8*(계리기호!BM14-계리기호!BM$87)/(계리기호!BL14-계리기호!BL34) -> 0.00040808938
A15: 남 | B15: 8 | C15: 암 | D15: =$B$3*$H$3*'NHIS 내원횟수'!$L$6*(계리기호!J15-계리기호!J$87)/(계리기호!I15-계리기호!I35) -> 0.034661565 | F15: 여 | G15: 8 | H15: 암 | I15: =$B$3*$H$3*'NHIS 내원횟수'!$L$6*(계리기호!U15-계리기호!U$87)/(계리기호!T15-계리기호!T35) -> 0.033938633 | K15: 남 | L15: 8 | M15: 뇌졸중 | N15: =$B$3*$H$3*'NHIS 내원횟수'!$L$7*(계리기호!AF15-계리기호!AF$87)/(계리기호!AE15-계리기호!AE35) -> 0.0090013624 | P15: 여 | Q15: 8 | R15: 뇌졸중 | S15: =$B$3*$H$3*'NHIS 내원횟수'!$L$7*(계리기호!AQ15-계리기호!AQ$87)/(계리기호!AP15-계리기호!AP35) -> 0.0062767204 | U15: 남 | V15: 8 | W15: 급성심근경색 | X15: =$B$3*$H$3*'NHIS 내원횟수'!$L$8*(계리기호!BB15-계리기호!BB$87)/(계리기호!BA15-계리기호!BA35) -> 0.0016418325 | Z15: 여 | AA15: 8 | AB15: 급성심근경색 | AC15: =$B$3*$H$3*'NHIS 내원횟수'!$L$8*(계리기호!BM15-계리기호!BM$87)/(계리기호!BL15-계리기호!BL35) -> 0.0004165528
A16: 남 | B16: 9 | C16: 암 | D16: =$B$3*$H$3*'NHIS 내원횟수'!$L$6*(계리기호!J16-계리기호!J$87)/(계리기호!I16-계리기호!I36) -> 0.035341714 | F16: 여 | G16: 9 | H16: 암 | I16: =$B$3*$H$3*'NHIS 내원횟수'!$L$6*(계리기호!U16-계리기호!U$87)/(계리기호!T16-계리기호!T36) -> 0.034608919 | K16: 남 | L16: 9 | M16: 뇌졸중 | N16: =$B$3*$H$3*'NHIS 내원횟수'!$L$7*(계리기호!AF16-계리기호!AF$87)/(계리기호!AE16-계리기호!AE36) -> 0.0091749548 | P16: 여 | Q16: 9 | R16: 뇌졸중 | S16: =$B$3*$H$3*'NHIS 내원횟수'!$L$7*(계리기호!AQ16-계리기호!AQ$87)/(계리기호!AP16-계리기호!AP36) -> 0.0063965879 | U16: 남 | V16: 9 | W16: 급성심근경색 | X16: =$B$3*$H$3*'NHIS 내원횟수'!$L$8*(계리기호!BB16-계리기호!BB$87)/(계리기호!BA16-계리기호!BA36) -> 0.0016763956 | Z16: 여 | AA16: 9 | AB16: 급성심근경색 | AC16: =$B$3*$H$3*'NHIS 내원횟수'!$L$8*(계리기호!BM16-계리기호!BM$87)/(계리기호!BL16-계리기호!BL36) -> 0.00042521978
A17: 남 | B17: 10 | C17: 암 | D17: =$B$3*$H$3*'NHIS 내원횟수'!$L$6*(계리기호!J17-계리기호!J$87)/(계리기호!I17-계리기호!I37) -> 0.03604715 | F17: 여 | G17: 10 | H17: 암 | I17: =$B$3*$H$3*'NHIS 내원횟수'!$L$6*(계리기호!U17-계리기호!U$87)/(계리기호!T17-계리기호!T37) -> 0.035304424 | K17: 남 | L17: 10 | M17: 뇌졸중 | N17: =$B$3*$H$3*'NHIS 내원횟수'!$L$7*(계리기호!AF17-계리기호!AF$87)/(계리기호!AE17-계리기호!AE37) -> 0.0093583009 | P17: 여 | Q17: 10 | R17: 뇌졸중 | S17: =$B$3*$H$3*'NHIS 내원횟수'!$L$7*(계리기호!AQ17-계리기호!AQ$87)/(계리기호!AP17-계리기호!AP37) -> 0.006523033 | U17: 남 | V17: 10 | W17: 급성심근경색 | X17: =$B$3*$H$3*'NHIS 내원횟수'!$L$8*(계리기호!BB17-계리기호!BB$87)/(계리기호!BA17-계리기호!BA37) -> 0.0017117207 | Z17: 여 | AA17: 10 | AB17: 급성심근경색 | AC17: =$B$3*$H$3*'NHIS 내원횟수'!$L$8*(계리기호!BM17-계리기호!BM$87)/(계리기호!BL17-계리기호!BL37) -> 0.00043409506
A18: 남 | B18: 11 | C18: 암 | D18: =$B$3*$H$3*'NHIS 내원횟수'!$L$6*(계리기호!J18-계리기호!J$87)/(계리기호!I18-계리기호!I38) -> 0.036778709 | F18: 여 | G18: 11 | H18: 암 | I18: =$B$3*$H$3*'NHIS 내원횟수'!$L$6*(계리기호!U18-계리기호!U$87)/(계리기호!T18-계리기호!T38) -> 0.036026184 | K18: 남 | L18: 11 | M18: 뇌졸중 | N18: =$B$3*$H$3*'NHIS 내원횟수'!$L$7*(계리기호!AF18-계리기호!AF$87)/(계리기호!AE18-계리기호!AE38) -> 0.0095516506 | P18: 여 | Q18: 11 | R18: 뇌졸중 | S18: =$B$3*$H$3*'NHIS 내원횟수'!$L$7*(계리기호!AQ18-계리기호!AQ$87)/(계리기호!AP18-계리기호!AP38) -> 0.0066562145 | U18: 남 | V18: 11 | W18: 급성심근경색 | X18: =$B$3*$H$3*'NHIS 내원횟수'!$L$8*(계리기호!BB18-계리기호!BB$87)/(계리기호!BA18-계리기호!BA38) -> 0.0017478277 | Z18: 여 | AA18: 11 | AB18: 급성심근경색 | AC18: =$B$3*$H$3*'NHIS 내원횟수'!$L$8*(계리기호!BM18-계리기호!BM$87)/(계리기호!BL18-계리기호!BL38) -> 0.00044318354
... A67: 남 | B67: 60 | C67: 암 | D67: =$B$3*$H$3*'NHIS 내원횟수'!$L$6*(계리기호!J67-계리기호!J$87)/(계리기호!I67-계리기호!I87) -> 0.081186907 | F67: 여 | G67: 60 | H67: 암 | I67: =$B$3*$H$3*'NHIS 내원횟수'!$L$6*(계리기호!U67-계리기호!U$87)/(계리기호!T67-계리기호!T87) -> 0.043045521 | K67: 남 | L67: 60 | M67: 뇌졸중 | N67: =$B$3*$H$3*'NHIS 내원횟수'!$L$7*(계리기호!AF67-계리기호!AF$87)/(계리기호!AE67-계리기호!AE87) -> 0.01900638 | P67: 여 | Q67: 60 | R67: 뇌졸중 | S67: =$B$3*$H$3*'NHIS 내원횟수'!$L$7*(계리기호!AQ67-계리기호!AQ$87)/(계리기호!AP67-계리기호!AP87) -> 0.012923679 | U67: 남 | V67: 60 | W67: 급성심근경색 | X67: =$B$3*$H$3*'NHIS 내원횟수'!$L$8*(계리기호!BB67-계리기호!BB$87)/(계리기호!BA67-계리기호!BA87) -> 0.0029154528 | Z67: 여 | AA67: 60 | AB67: 급성심근경색 | AC67: =$B$3*$H$3*'NHIS 내원횟수'!$L$8*(계리기호!BM67-계리기호!BM$87)/(계리기호!BL67-계리기호!BL87) -> 0.00095540986
A68: 남 | B68: 61 | C68: 암 | D68: =$B$3*$H$3*'NHIS 내원횟수'!$L$6*(계리기호!J68-계리기호!J$87)/(계리기호!I68-계리기호!I87) -> 0.084074916 | F68: 여 | G68: 61 | H68: 암 | I68: =$B$3*$H$3*'NHIS 내원횟수'!$L$6*(계리기호!U68-계리기호!U$87)/(계리기호!T68-계리기호!T87) -> 0.043612706 | K68: 남 | L68: 61 | M68: 뇌졸중 | N68: =$B$3*$H$3*'NHIS 내원횟수'!$L$7*(계리기호!AF68-계리기호!AF$87)/(계리기호!AE68-계리기호!AE87) -> 0.019569111 | P68: 여 | Q68: 61 | R68: 뇌졸중 | S68: =$B$3*$H$3*'NHIS 내원횟수'!$L$7*(계리기호!AQ68-계리기호!AQ$87)/(계리기호!AP68-계리기호!AP87) -> 0.013385037 | U68: 남 | V68: 61 | W68: 급성심근경색 | X68: =$B$3*$H$3*'NHIS 내원횟수'!$L$8*(계리기호!BB68-계리기호!BB$87)/(계리기호!BA68-계리기호!BA87) -> 0.00296643 | Z68: 여 | AA68: 61 | AB68: 급성심근경색 | AC68: =$B$3*$H$3*'NHIS 내원횟수'!$L$8*(계리기호!BM68-계리기호!BM$87)/(계리기호!BL68-계리기호!BL87) -> 0.0009956416
A69: 남 | B69: 62 | C69: 암 | D69: =$B$3*$H$3*'NHIS 내원횟수'!$L$6*(계리기호!J69-계리기호!J$87)/(계리기호!I69-계리기호!I87) -> 0.086964135 | F69: 여 | G69: 62 | H69: 암 | I69: =$B$3*$H$3*'NHIS 내원횟수'!$L$6*(계리기호!U69-계리기호!U$87)/(계리기호!T69-계리기호!T87) -> 0.044187175 | K69: 남 | L69: 62 | M69: 뇌졸중 | N69: =$B$3*$H$3*'NHIS 내원횟수'!$L$7*(계리기호!AF69-계리기호!AF$87)/(계리기호!AE69-계리기호!AE87) -> 0.020133389 | P69: 여 | Q69: 62 | R69: 뇌졸중 | S69: =$B$3*$H$3*'NHIS 내원횟수'!$L$7*(계리기호!AQ69-계리기호!AQ$87)/(계리기호!AP69-계리기호!AP87) -> 0.013851821 | U69: 남 | V69: 62 | W69: 급성심근경색 | X69: =$B$3*$H$3*'NHIS 내원횟수'!$L$8*(계리기호!BB69-계리기호!BB$87)/(계리기호!BA69-계리기호!BA87) -> 0.0030169466 | Z69: 여 | AA69: 62 | AB69: 급성심근경색 | AC69: =$B$3*$H$3*'NHIS 내원횟수'!$L$8*(계리기호!BM69-계리기호!BM$87)/(계리기호!BL69-계리기호!BL87) -> 0.0010361999
A70: 남 | B70: 63 | C70: 암 | D70: =$B$3*$H$3*'NHIS 내원횟수'!$L$6*(계리기호!J70-계리기호!J$87)/(계리기호!I70-계리기호!I87) -> 0.089855665 | F70: 여 | G70: 63 | H70: 암 | I70: =$B$3*$H$3*'NHIS 내원횟수'!$L$6*(계리기호!U70-계리기호!U$87)/(계리기호!T70-계리기호!T87) -> 0.044770763 | K70: 남 | L70: 63 | M70: 뇌졸중 | N70: =$B$3*$H$3*'NHIS 내원횟수'!$L$7*(계리기호!AF70-계리기호!AF$87)/(계리기호!AE70-계리기호!AE87) -> 0.020699882 | P70: 여 | Q70: 63 | R70: 뇌졸중 | S70: =$B$3*$H$3*'NHIS 내원횟수'!$L$7*(계리기호!AQ70-계리기호!AQ$87)/(계리기호!AP70-계리기호!AP87) -> 0.014325349 | U70: 남 | V70: 63 | W70: 급성심근경색 | X70: =$B$3*$H$3*'NHIS 내원횟수'!$L$8*(계리기호!BB70-계리기호!BB$87)/(계리기호!BA70-계리기호!BA87) -> 0.0030669647 | Z70: 여 | AA70: 63 | AB70: 급성심근경색 | AC70: =$B$3*$H$3*'NHIS 내원횟수'!$L$8*(계리기호!BM70-계리기호!BM$87)/(계리기호!BL70-계리기호!BL87) -> 0.0010771776
A71: 남 | B71: 64 | C71: 암 | D71: =$B$3*$H$3*'NHIS 내원횟수'!$L$6*(계리기호!J71-계리기호!J$87)/(계리기호!I71-계리기호!I87) -> 0.092751292 | F71: 여 | G71: 64 | H71: 암 | I71: =$B$3*$H$3*'NHIS 내원횟수'!$L$6*(계리기호!U71-계리기호!U$87)/(계리기호!T71-계리기호!T87) -> 0.045365784 | K71: 남 | L71: 64 | M71: 뇌졸중 | N71: =$B$3*$H$3*'NHIS 내원횟수'!$L$7*(계리기호!AF71-계리기호!AF$87)/(계리기호!AE71-계리기호!AE87) -> 0.021269469 | P71: 여 | Q71: 64 | R71: 뇌졸중 | S71: =$B$3*$H$3*'NHIS 내원횟수'!$L$7*(계리기호!AQ71-계리기호!AQ$87)/(계리기호!AP71-계리기호!AP87) -> 0.014807291 | U71: 남 | V71: 64 | W71: 급성심근경색 | X71: =$B$3*$H$3*'NHIS 내원횟수'!$L$8*(계리기호!BB71-계리기호!BB$87)/(계리기호!BA71-계리기호!BA87) -> 0.0031164401 | Z71: 여 | AA71: 64 | AB71: 급성심근경색 | AC71: =$B$3*$H$3*'NHIS 내원횟수'!$L$8*(계리기호!BM71-계리기호!BM$87)/(계리기호!BL71-계리기호!BL87) -> 0.0011186922
A72: 남 | B72: 65 | C72: 암 | D72: =$B$3*$H$3*'NHIS 내원횟수'!$L$6*(계리기호!J72-계리기호!J$87)/(계리기호!I72-계리기호!I87) -> 0.095653715 | F72: 여 | G72: 65 | H72: 암 | I72: =$B$3*$H$3*'NHIS 내원횟수'!$L$6*(계리기호!U72-계리기호!U$87)/(계리기호!T72-계리기호!T87) -> 0.045975196 | K72: 남 | L72: 65 | M72: 뇌졸중 | N72: =$B$3*$H$3*'NHIS 내원횟수'!$L$7*(계리기호!AF72-계리기호!AF$87)/(계리기호!AE72-계리기호!AE87) -> 0.021843318 | P72: 여 | Q72: 65 | R72: 뇌졸중 | S72: =$B$3*$H$3*'NHIS 내원횟수'!$L$7*(계리기호!AQ72-계리기호!AQ$87)/(계리기호!AP72-계리기호!AP87) -> 0.015299782 | U72: 남 | V72: 65 | W72: 급성심근경색 | X72: =$B$3*$H$3*'NHIS 내원횟수'!$L$8*(계리기호!BB72-계리기호!BB$87)/(계리기호!BA72-계리기호!BA87) -> 0.0031653196 | Z72: 여 | AA72: 65 | AB72: 급성심근경색 | AC72: =$B$3*$H$3*'NHIS 내원횟수'!$L$8*(계리기호!BM72-계리기호!BM$87)/(계리기호!BL72-계리기호!BL87) -> 0.0011608934
A73: 남 | B73: 66 | C73: 암 | D73: =$B$3*$H$3*'NHIS 내원횟수'!$L$6*(계리기호!J73-계리기호!J$87)/(계리기호!I73-계리기호!I87) -> 0.098566897 | F73: 여 | G73: 66 | H73: 암 | I73: =$B$3*$H$3*'NHIS 내원횟수'!$L$6*(계리기호!U73-계리기호!U$87)/(계리기호!T73-계리기호!T87) -> 0.046602836 | K73: 남 | L73: 66 | M73: 뇌졸중 | N73: =$B$3*$H$3*'NHIS 내원횟수'!$L$7*(계리기호!AF73-계리기호!AF$87)/(계리기호!AE73-계리기호!AE87) -> 0.022422984 | P73: 여 | Q73: 66 | R73: 뇌졸중 | S73: =$B$3*$H$3*'NHIS 내원횟수'!$L$7*(계리기호!AQ73-계리기호!AQ$87)/(계리기호!AP73-계리기호!AP87) -> 0.015805593 | U73: 남 | V73: 66 | W73: 급성심근경색 | X73: =$B$3*$H$3*'NHIS 내원횟수'!$L$8*(계리기호!BB73-계리기호!BB$87)/(계리기호!BA73-계리기호!BA87) -> 0.0032135386 | Z73: 여 | AA73: 66 | AB73: 급성심근경색 | AC73: =$B$3*$H$3*'NHIS 내원횟수'!$L$8*(계리기호!BM73-계리기호!BM$87)/(계리기호!BL73-계리기호!BL87) -> 0.0012039752
A74: 남 | B74: 67 | C74: 암 | D74: =$B$3*$H$3*'NHIS 내원횟수'!$L$6*(계리기호!J74-계리기호!J$87)/(계리기호!I74-계리기호!I87) -> 0.10149898 | F74: 여 | G74: 67 | H74: 암 | I74: =$B$3*$H$3*'NHIS 내원횟수'!$L$6*(계리기호!U74-계리기호!U$87)/(계리기호!T74-계리기호!T87) -> 0.047254343 | K74: 남 | L74: 67 | M74: 뇌졸중 | N74: =$B$3*$H$3*'NHIS 내원횟수'!$L$7*(계리기호!AF74-계리기호!AF$87)/(계리기호!AE74-계리기호!AE87) -> 0.023011091 | P74: 여 | Q74: 67 | R74: 뇌졸중 | S74: =$B$3*$H$3*'NHIS 내원횟수'!$L$7*(계리기호!AQ74-계리기호!AQ$87)/(계리기호!AP74-계리기호!AP87) -> 0.016328527 | U74: 남 | V74: 67 | W74: 급성심근경색 | X74: =$B$3*$H$3*'NHIS 내원횟수'!$L$8*(계리기호!BB74-계리기호!BB$87)/(계리기호!BA74-계리기호!BA87) -> 0.0032610997 | Z74: 여 | AA74: 67 | AB74: 급성심근경색 | AC74: =$B$3*$H$3*'NHIS 내원횟수'!$L$8*(계리기호!BM74-계리기호!BM$87)/(계리기호!BL74-계리기호!BL87) -> 0.0012482032
A75: 남 | B75: 68 | C75: 암 | D75: =$B$3*$H$3*'NHIS 내원횟수'!$L$6*(계리기호!J75-계리기호!J$87)/(계리기호!I75-계리기호!I87) -> 0.1044581 | F75: 여 | G75: 68 | H75: 암 | I75: =$B$3*$H$3*'NHIS 내원횟수'!$L$6*(계리기호!U75-계리기호!U$87)/(계리기호!T75-계리기호!T87) -> 0.04793656 | K75: 남 | L75: 68 | M75: 뇌졸중 | N75: =$B$3*$H$3*'NHIS 내원횟수'!$L$7*(계리기호!AF75-계리기호!AF$87)/(계리기호!AE75-계리기호!AE87) -> 0.023610489 | P75: 여 | Q75: 68 | R75: 뇌졸중 | S75: =$B$3*$H$3*'NHIS 내원횟수'!$L$7*(계리기호!AQ75-계리기호!AQ$87)/(계리기호!AP75-계리기호!AP87) -> 0.016873462 | U75: 남 | V75: 68 | W75: 급성심근경색 | X75: =$B$3*$H$3*'NHIS 내원횟수'!$L$8*(계리기호!BB75-계리기호!BB$87)/(계리기호!BA75-계리기호!BA87) -> 0.0033079084 | Z75: 여 | AA75: 68 | AB75: 급성심근경색 | AC75: =$B$3*$H$3*'NHIS 내원횟수'!$L$8*(계리기호!BM75-계리기호!BM$87)/(계리기호!BL75-계리기호!BL87) -> 0.0012939167
A76: 남 | B76: 69 | C76: 암 | D76: =$B$3*$H$3*'NHIS 내원횟수'!$L$6*(계리기호!J76-계리기호!J$87)/(계리기호!I76-계리기호!I87) -> 0.10745611 | F76: 여 | G76: 69 | H76: 암 | I76: =$B$3*$H$3*'NHIS 내원횟수'!$L$6*(계리기호!U76-계리기호!U$87)/(계리기호!T76-계리기호!T87) -> 0.048658873 | K76: 남 | L76: 69 | M76: 뇌졸중 | N76: =$B$3*$H$3*'NHIS 내원횟수'!$L$7*(계리기호!AF76-계리기호!AF$87)/(계리기호!AE76-계리기호!AE87) -> 0.024225168 | P76: 여 | Q76: 69 | R76: 뇌졸중 | S76: =$B$3*$H$3*'NHIS 내원횟수'!$L$7*(계리기호!AQ76-계리기호!AQ$87)/(계리기호!AP76-계리기호!AP87) -> 0.0174471 | U76: 남 | V76: 69 | W76: 급성심근경색 | X76: =$B$3*$H$3*'NHIS 내원횟수'!$L$8*(계리기호!BB76-계리기호!BB$87)/(계리기호!BA76-계리기호!BA87) -> 0.0033538419 | Z76: 여 | AA76: 69 | AB76: 급성심근경색 | AC76: =$B$3*$H$3*'NHIS 내원횟수'!$L$8*(계리기호!BM76-계리기호!BM$87)/(계리기호!BL76-계리기호!BL87) -> 0.0013415815
A77: 남 | B77: 70 | C77: 암 | D77: =$B$3*$H$3*'NHIS 내원횟수'!$L$6*(계리기호!J77-계리기호!J$87)/(계리기호!I77-계리기호!I87) -> 0.11051049 | F77: 여 | G77: 70 | H77: 암 | I77: =$B$3*$H$3*'NHIS 내원횟수'!$L$6*(계리기호!U77-계리기호!U$87)/(계리기호!T77-계리기호!T87) -> 0.049434501 | K77: 남 | L77: 70 | M77: 뇌졸중 | N77: =$B$3*$H$3*'NHIS 내원횟수'!$L$7*(계리기호!AF77-계리기호!AF$87)/(계리기호!AE77-계리기호!AE87) -> 0.024860833 | P77: 여 | Q77: 70 | R77: 뇌졸중 | S77: =$B$3*$H$3*'NHIS 내원횟수'!$L$7*(계리기호!AQ77-계리기호!AQ$87)/(계리기호!AP77-계리기호!AP87) -> 0.018058883 | U77: 남 | V77: 70 | W77: 급성심근경색 | X77: =$B$3*$H$3*'NHIS 내원횟수'!$L$8*(계리기호!BB77-계리기호!BB$87)/(계리기호!BA77-계리기호!BA87) -> 0.0033987361 | Z77: 여 | AA77: 70 | AB77: 급성심근경색 | AC77: =$B$3*$H$3*'NHIS 내원횟수'!$L$8*(계리기호!BM77-계리기호!BM$87)/(계리기호!BL77-계리기호!BL87) -> 0.0013918533
A78: 남 | B78: 71 | C78: 암 | D78: =$B$3*$H$3*'NHIS 내원횟수'!$L$6*(계리기호!J78-계리기호!J$87)/(계리기호!I78-계리기호!I87) -> 0.11364756 | F78: 여 | G78: 71 | H78: 암 | I78: =$B$3*$H$3*'NHIS 내원횟수'!$L$6*(계리기호!U78-계리기호!U$87)/(계리기호!T78-계리기호!T87) -> 0.050282642 | K78: 남 | L78: 71 | M78: 뇌졸중 | N78: =$B$3*$H$3*'NHIS 내원횟수'!$L$7*(계리기호!AF78-계리기호!AF$87)/(계리기호!AE78-계리기호!AE87) -> 0.025525868 | P78: 여 | Q78: 71 | R78: 뇌졸중 | S78: =$B$3*$H$3*'NHIS 내원횟수'!$L$7*(계리기호!AQ78-계리기호!AQ$87)/(계리기호!AP78-계리기호!AP87) -> 0.018722534 | U78: 남 | V78: 71 | W78: 급성심근경색 | X78: =$B$3*$H$3*'NHIS 내원횟수'!$L$8*(계리기호!BB78-계리기호!BB$87)/(계리기호!BA78-계리기호!BA87) -> 0.003442361 | Z78: 여 | AA78: 71 | AB78: 급성심근경색 | AC78: =$B$3*$H$3*'NHIS 내원횟수'!$L$8*(계리기호!BM78-계리기호!BM$87)/(계리기호!BL78-계리기호!BL87) -> 0.0014456839
A79: 남 | B79: 72 | C79: 암 | D79: =$B$3*$H$3*'NHIS 내원횟수'!$L$6*(계리기호!J79-계리기호!J$87)/(계리기호!I79-계리기호!I87) -> 0.1167427 | F79: 여 | G79: 72 | H79: 암 | I79: =$B$3*$H$3*'NHIS 내원횟수'!$L$6*(계리기호!U79-계리기호!U$87)/(계리기호!T79-계리기호!T87) -> 0.051121149 | K79: 남 | L79: 72 | M79: 뇌졸중 | N79: =$B$3*$H$3*'NHIS 내원횟수'!$L$7*(계리기호!AF79-계리기호!AF$87)/(계리기호!AE79-계리기호!AE87) -> 0.02618309 | P79: 여 | Q79: 72 | R79: 뇌졸중 | S79: =$B$3*$H$3*'NHIS 내원횟수'!$L$7*(계리기호!AQ79-계리기호!AQ$87)/(계리기호!AP79-계리기호!AP87) -> 0.019380253 | U79: 남 | V79: 72 | W79: 급성심근경색 | X79: =$B$3*$H$3*'NHIS 내원횟수'!$L$8*(계리기호!BB79-계리기호!BB$87)/(계리기호!BA79-계리기호!BA87) -> 0.0034854129 | Z79: 여 | AA79: 72 | AB79: 급성심근경색 | AC79: =$B$3*$H$3*'NHIS 내원횟수'!$L$8*(계리기호!BM79-계리기호!BM$87)/(계리기호!BL79-계리기호!BL87) -> 0.0014990578
A80: 남 | B80: 73 | C80: 암 | D80: =$B$3*$H$3*'NHIS 내원횟수'!$L$6*(계리기호!J80-계리기호!J$87)/(계리기호!I80-계리기호!I87) -> 0.11978961 | F80: 여 | G80: 73 | H80: 암 | I80: =$B$3*$H$3*'NHIS 내원횟수'!$L$6*(계리기호!U80-계리기호!U$87)/(계리기호!T80-계리기호!T87) -> 0.051948809 | K80: 남 | L80: 73 | M80: 뇌졸중 | N80: =$B$3*$H$3*'NHIS 내원횟수'!$L$7*(계리기호!AF80-계리기호!AF$87)/(계리기호!AE80-계리기호!AE87) -> 0.026831377 | P80: 여 | Q80: 73 | R80: 뇌졸중 | S80: =$B$3*$H$3*'NHIS 내원횟수'!$L$7*(계리기호!AQ80-계리기호!AQ$87)/(계리기호!AP80-계리기호!AP87) -> 0.020031384 | U80: 남 | V80: 73 | W80: 급성심근경색 | X80: =$B$3*$H$3*'NHIS 내원횟수'!$L$8*(계리기호!BB80-계리기호!BB$87)/(계리기호!BA80-계리기호!BA87) -> 0.0035277907 | Z80: 여 | AA80: 73 | AB80: 급성심근경색 | AC80: =$B$3*$H$3*'NHIS 내원횟수'!$L$8*(계리기호!BM80-계리기호!BM$87)/(계리기호!BL80-계리기호!BL87) -> 0.0015519301
A81: 남 | B81: 74 | C81: 암 | D81: =$B$3*$H$3*'NHIS 내원횟수'!$L$6*(계리기호!J81-계리기호!J$87)/(계리기호!I81-계리기호!I87) -> 0.12278036 | F81: 여 | G81: 74 | H81: 암 | I81: =$B$3*$H$3*'NHIS 내원횟수'!$L$6*(계리기호!U81-계리기호!U$87)/(계리기호!T81-계리기호!T87) -> 0.052763891 | K81: 남 | L81: 74 | M81: 뇌졸중 | N81: =$B$3*$H$3*'NHIS 내원횟수'!$L$7*(계리기호!AF81-계리기호!AF$87)/(계리기호!AE81-계리기호!AE87) -> 0.027469249 | P81: 여 | Q81: 74 | R81: 뇌졸중 | S81: =$B$3*$H$3*'NHIS 내원횟수'!$L$7*(계리기호!AQ81-계리기호!AQ$87)/(계리기호!AP81-계리기호!AP87) -> 0.020675064 | U81: 남 | V81: 74 | W81: 급성심근경색 | X81: =$B$3*$H$3*'NHIS 내원횟수'!$L$8*(계리기호!BB81-계리기호!BB$87)/(계리기호!BA81-계리기호!BA87) -> 0.0035693482 | Z81: 여 | AA81: 74 | AB81: 급성심근경색 | AC81: =$B$3*$H$3*'NHIS 내원횟수'!$L$8*(계리기호!BM81-계리기호!BM$87)/(계리기호!BL81-계리기호!BL87) -> 0.0016042402
A82: 남 | B82: 75 | C82: 암 | D82: =$B$3*$H$3*'NHIS 내원횟수'!$L$6*(계리기호!J82-계리기호!J$87)/(계리기호!I82-계리기호!I87) -> 0.12570373 | F82: 여 | G82: 75 | H82: 암 | I82: =$B$3*$H$3*'NHIS 내원횟수'!$L$6*(계리기호!U82-계리기호!U$87)/(계리기호!T82-계리기호!T87) -> 0.053563616 | K82: 남 | L82: 75 | M82: 뇌졸중 | N82: =$B$3*$H$3*'NHIS 내원횟수'!$L$7*(계리기호!AF82-계리기호!AF$87)/(계리기호!AE82-계리기호!AE87) -> 0.028094514 | P82: 여 | Q82: 75 | R82: 뇌졸중 | S82: =$B$3*$H$3*'NHIS 내원횟수'!$L$7*(계리기호!AQ82-계리기호!AQ$87)/(계리기호!AP82-계리기호!AP87) -> 0.021310018 | U82: 남 | V82: 75 | W82: 급성심근경색 | X82: =$B$3*$H$3*'NHIS 내원횟수'!$L$8*(계리기호!BB82-계리기호!BB$87)/(계리기호!BA82-계리기호!BA87) -> 0.003609848 | Z82: 여 | AA82: 75 | AB82: 급성심근경색 | AC82: =$B$3*$H$3*'NHIS 내원횟수'!$L$8*(계리기호!BM82-계리기호!BM$87)/(계리기호!BL82-계리기호!BL87) -> 0.0016558956
A83: 남 | B83: 76 | C83: 암 | D83: =$B$3*$H$3*'NHIS 내원횟수'!$L$6*(계리기호!J83-계리기호!J$87)/(계리기호!I83-계리기호!I87) -> 0.12854107 | F83: 여 | G83: 76 | H83: 암 | I83: =$B$3*$H$3*'NHIS 내원횟수'!$L$6*(계리기호!U83-계리기호!U$87)/(계리기호!T83-계리기호!T87) -> 0.054342851 | K83: 남 | L83: 76 | M83: 뇌졸중 | N83: =$B$3*$H$3*'NHIS 내원횟수'!$L$7*(계리기호!AF83-계리기호!AF$87)/(계리기호!AE83-계리기호!AE87) -> 0.028703365 | P83: 여 | Q83: 76 | R83: 뇌졸중 | S83: =$B$3*$H$3*'NHIS 내원횟수'!$L$7*(계리기호!AQ83-계리기호!AQ$87)/(계리기호!AP83-계리기호!AP87) -> 0.021934039 | U83: 남 | V83: 76 | W83: 급성심근경색 | X83: =$B$3*$H$3*'NHIS 내원횟수'!$L$8*(계리기호!BB83-계리기호!BB$87)/(계리기호!BA83-계리기호!BA87) -> 0.0036488472 | Z83: 여 | AA83: 76 | AB83: 급성심근경색 | AC83: =$B$3*$H$3*'NHIS 내원횟수'!$L$8*(계리기호!BM83-계리기호!BM$87)/(계리기호!BL83-계리기호!BL87) -> 0.001706732
A84: 남 | B84: 77 | C84: 암 | D84: =$B$3*$H$3*'NHIS 내원횟수'!$L$6*(계리기호!J84-계리기호!J$87)/(계리기호!I84-계리기호!I87) -> 0.13132182 | F84: 여 | G84: 77 | H84: 암 | I84: =$B$3*$H$3*'NHIS 내원횟수'!$L$6*(계리기호!U84-계리기호!U$87)/(계리기호!T84-계리기호!T87) -> 0.055111859 | K84: 남 | L84: 77 | M84: 뇌졸중 | N84: =$B$3*$H$3*'NHIS 내원횟수'!$L$7*(계리기호!AF84-계리기호!AF$87)/(계리기호!AE84-계리기호!AE87) -> 0.029302364 | P84: 여 | Q84: 77 | R84: 뇌졸중 | S84: =$B$3*$H$3*'NHIS 내원횟수'!$L$7*(계리기호!AQ84-계리기호!AQ$87)/(계리기호!AP84-계리기호!AP87) -> 0.022550759 | U84: 남 | V84: 77 | W84: 급성심근경색 | X84: =$B$3*$H$3*'NHIS 내원횟수'!$L$8*(계리기호!BB84-계리기호!BB$87)/(계리기호!BA84-계리기호!BA87) -> 0.0036872539 | Z84: 여 | AA84: 77 | AB84: 급성심근경색 | AC84: =$B$3*$H$3*'NHIS 내원횟수'!$L$8*(계리기호!BM84-계리기호!BM$87)/(계리기호!BL84-계리기호!BL87) -> 0.0017570317
A85: 남 | B85: 78 | C85: 암 | D85: =$B$3*$H$3*'NHIS 내원횟수'!$L$6*(계리기호!J85-계리기호!J$87)/(계리기호!I85-계리기호!I87) -> 0.13404071 | F85: 여 | G85: 78 | H85: 암 | I85: =$B$3*$H$3*'NHIS 내원횟수'!$L$6*(계리기호!U85-계리기호!U$87)/(계리기호!T85-계리기호!T87) -> 0.055869847 | K85: 남 | L85: 78 | M85: 뇌졸중 | N85: =$B$3*$H$3*'NHIS 내원횟수'!$L$7*(계리기호!AF85-계리기호!AF$87)/(계리기호!AE85-계리기호!AE87) -> 0.029890583 | P85: 여 | Q85: 78 | R85: 뇌졸중 | S85: =$B$3*$H$3*'NHIS 내원횟수'!$L$7*(계리기호!AQ85-계리기호!AQ$87)/(계리기호!AP85-계리기호!AP87) -> 0.023159524 | U85: 남 | V85: 78 | W85: 급성심근경색 | X85: =$B$3*$H$3*'NHIS 내원횟수'!$L$8*(계리기호!BB85-계리기호!BB$87)/(계리기호!BA85-계리기호!BA87) -> 0.0037250142 | Z85: 여 | AA85: 78 | AB85: 급성심근경색 | AC85: =$B$3*$H$3*'NHIS 내원횟수'!$L$8*(계리기호!BM85-계리기호!BM$87)/(계리기호!BL85-계리기호!BL87) -> 0.0018067483
A86: 남 | B86: 79 | C86: 암 | D86: =$B$3*$H$3*'NHIS 내원횟수'!$L$6*(계리기호!J86-계리기호!J$87)/(계리기호!I86-계리기호!I87) -> 0.13669262 | F86: 여 | G86: 79 | H86: 암 | I86: =$B$3*$H$3*'NHIS 내원횟수'!$L$6*(계리기호!U86-계리기호!U$87)/(계리기호!T86-계리기호!T87) -> 0.056616037 | K86: 남 | L86: 79 | M86: 뇌졸중 | N86: =$B$3*$H$3*'NHIS 내원횟수'!$L$7*(계리기호!AF86-계리기호!AF$87)/(계리기호!AE86-계리기호!AE87) -> 0.030467111 | P86: 여 | Q86: 79 | R86: 뇌졸중 | S86: =$B$3*$H$3*'NHIS 내원횟수'!$L$7*(계리기호!AQ86-계리기호!AQ$87)/(계리기호!AP86-계리기호!AP87) -> 0.023759692 | U86: 남 | V86: 79 | W86: 급성심근경색 | X86: =$B$3*$H$3*'NHIS 내원횟수'!$L$8*(계리기호!BB86-계리기호!BB$87)/(계리기호!BA86-계리기호!BA87) -> 0.0037620749 | Z86: 여 | AA86: 79 | AB86: 급성심근경색 | AC86: =$B$3*$H$3*'NHIS 내원횟수'!$L$8*(계리기호!BM86-계리기호!BM$87)/(계리기호!BL86-계리기호!BL87) -> 0.0018558355
A87: 남 | B87: 80 | C87: 암 | D87: =0 -> 0 | F87: 여 | G87: 80 | H87: 암 | I87: =0 -> 0 | K87: 남 | L87: 80 | M87: 뇌졸중 | N87: =0 -> 0 | P87: 여 | Q87: 80 | R87: 뇌졸중 | S87: =0 -> 0 | U87: 남 | V87: 80 | W87: 급성심근경색 | X87: =0 -> 0 | Z87: 여 | AA87: 80 | AB87: 급성심근경색 | AC87: =0 -> 0
